år-månad,ALE,ALINGSÅS,ALVESTA,ANEBY,ARBOGA,ARJEPLOG,ARVIDSJAUR,ARVIKA,ASKERSUND,AVESTA,BENGTSFORS,BERG,BJURHOLM,BJUV,BODEN,BOLLEBYGD,BOLLNÄS,BORGHOLM,BORLÄNGE,BORÅS,BOTKYRKA,BOXHOLM,BROMÖLLA,BRÄCKE,BURLÖV,BÅSTAD,DALS-ED,DANDERYD,DEGERFORS,DOROTEA,EDA,EKERÖ,EKSJÖ,EMMABODA,ENKÖPING,ESKILSTUNA,ESLÖV,ESSUNGA,FAGERSTA,FALKENBERG,FALKÖPING,FALUN,FILIPSTAD,FINSPÅNG,FLEN,FORSHAGA,FÄRGELANDA,GAGNEF,GISLAVED,GNESTA,GNOSJÖ,GOTLAND,GRUMS,GRÄSTORP,GULLSPÅNG,GÄLLIVARE,GÄVLE,GÖTEBORG,GÖTENE,HABO,HAGFORS,HALLSBERG,HALLSTAHAMMAR,HALMSTAD,HAMMARÖ,HANINGE,HAPARANDA,HEBY,HEDEMORA,HELSINGBORG,HERRLJUNGA,HJO,HOFORS,HUDDINGE,HUDIKSVALL,HULTSFRED,HYLTE,HÅBO,HÄLLEFORS,HÄRJEDALEN,HÄRNÖSAND,HÄRRYDA,HÄSSLEHOLM,HÖGANÄS,HÖGSBY,HÖRBY,HÖÖR,JOKKMOKK,JÄRFÄLLA,JÖNKÖPING,KALIX,KALMAR,KARLSBORG,KARLSHAMN,KARLSKOGA,KARLSKRONA,KARLSTAD,KATRINEHOLM,KIL,KINDA,KIRUNA,KLIPPAN,KNIVSTA,KRAMFORS,KRISTIANSTAD,KRISTINEHAMN,KROKOM,KUMLA,KUNGSBACKA,KUNGSÖR,KUNGÄLV,KÄVLINGE,KÖPING,LAHOLM,LANDSKRONA,LAXÅ,LEKEBERG,LEKSAND,LERUM,LESSEBO,LIDINGÖ,LIDKÖPING,LILLA EDET,LINDESBERG,LINKÖPING,LJUNGBY,LJUSDAL,LJUSNARSBERG,LOMMA,LUDVIKA,LULEÅ,LUND,LYCKSELE,LYSEKIL,MALMÖ,MALUNG-SÄLEN,MALÅ,MARIESTAD,MARK,MARKARYD,MELLERUD,MJÖLBY,MORA,MOTALA,MULLSJÖ,MUNKEDAL,MUNKFORS,MÖLNDAL,MÖNSTERÅS,MÖRBYLÅNGA,NACKA,NORA,NORBERG,NORDANSTIG,NORDMALING,NORRKÖPING,NORRTÄLJE,NORSJÖ,NYBRO,NYKVARN,NYKÖPING,NYNÄSHAMN,NÄSSJÖ,OCKELBO,OLOFSTRÖM,ORSA,ORUST,OSBY,OSKARSHAMN,OVANÅKER,OXELÖSUND,PAJALA,PARTILLE,PERSTORP,PITEÅ,RAGUNDA,ROBERTSFORS,RONNEBY,RÄTTVIK,SALA,SALEM,SANDVIKEN,SIGTUNA,SIMRISHAMN,SJÖBO,SKARA,SKELLEFTEÅ,SKINNSKATTEBERG,SKURUP,SKÖVDE,SMEDJEBACKEN,SOLLEFTEÅ,SOLLENTUNA,SOLNA,SORSELE,SOTENÄS,STAFFANSTORP,STENUNGSUND,STOCKHOLM,STORFORS,STORUMAN,STRÄNGNÄS,STRÖMSTAD,STRÖMSUND,SUNDBYBERG,SUNDSVALL,SUNNE,SURAHAMMAR,SVALÖV,SVEDALA,SVENLJUNGA,SÄFFLE,SÄTER,SÄVSJÖ,SÖDERHAMN,SÖDERKÖPING,SÖDERTÄLJE,SÖLVESBORG,TANUM,TIBRO,TIDAHOLM,TIERP,TIMRÅ,TINGSRYD,TJÖRN,TOMELILLA,TORSBY,TORSÅS,TRANEMO,TRANÅS,TRELLEBORG,TROLLHÄTTAN,TROSA,TYRESÖ,TÄBY,TÖREBODA,UDDEVALLA,ULRICEHAMN,UMEÅ,UPPLANDS VÄSBY,UPPLANDS-BRO,UPPSALA,UPPVIDINGE,VADSTENA,VAGGERYD,VALDEMARSVIK,VALLENTUNA,VANSBRO,VARA,VARBERG,VAXHOLM,VELLINGE,VETLANDA,VILHELMINA,VIMMERBY,VINDELN,VINGÅKER,VÅRGÅRDA,VÄNERSBORG,VÄNNÄS,VÄRMDÖ,VÄRNAMO,VÄSTERVIK,VÄSTERÅS,VÄXJÖ,YDRE,YSTAD,ÅMÅL,ÅNGE,ÅRE,ÅRJÄNG,ÅSELE,ÅSTORP,ÅTVIDABERG,ÄLMHULT,ÄLVDALEN,ÄLVKARLEBY,ÄLVSBYN,ÄNGELHOLM,ÖCKERÖ,ÖDESHÖG,ÖREBRO,ÖRKELLJUNGA,ÖRNSKÖLDSVIK,ÖSTERSUND,ÖSTERÅKER,ÖSTHAMMAR,ÖSTRA GÖINGE,ÖVERKALIX,ÖVERTORNEÅ,Flag Invalid,Pajala
2013-09,0,0,0,0,0,0,0,0,0,0,0,0,0,0,0,0,0,0,0,0,0,0,0,0,0,0,0,0,0,0,0,0,0,0,0,0,0,0,0,0,0,0,0,0,0,0,0,0,0,0,0,0,0,0,0,0,0,0,0,0,0,0,0,0,0,0,0,0,0,0,0,0,0,0,0,0,0,0,0,0,0,0,0,0,0,0,0,0,0,0,0,0,0,0,0,0,0,0,0,0,0,0,0,0,0,0,0,0,0,0,0,0,0,0,0,0,0,0,0,0,0,0,0,0,0,0,0,0,0,0,0,0,0,0,0,0,0,0,0,0,0,0,0,0,0,0,0,0,0,0,0,0,0,0,0,0,0,0,0,0,0,0,0,0,0,0,0,0,0,0,0,0,0,0,0,0,0,0,0,0,0,0,0,0,0,0,0,0,0,0,0,0,0,0,0,0,0,0,0,0,0,0,0,0,0,0,0,0,0,0,0,0,0,0,0,0,0,0,0,0,0,0,0,0,0,0,0,0,0,0,0,0,0,0,0,0,0,0,0,0,0,0,0,0,0,0,0,0,0,0,0,0,0,0,0,0,0,0,0,0,0,0,0,0,0,0,0,0,0,0,0,0,0,0,0,0,0,0,0,0,0,0,0,0,0,0,0,0,0,0,0,0
2013-10,0,0,0,0,0,0,0,0,0,0,0,0,0,0,0,0,0,0,0,0,0,0,0,0,0,0,0,0,0,0,0,0,0,0,0,0,0,0,0,0,0,0,0,0,0,0,0,0,0,0,0,0,0,0,0,0,0,0,0,0,0,0,0,0,0,0,0,0,0,0,0,0,0,0,0,0,0,0,0,0,0,0,0,0,0,0,0,0,0,0,0,0,0,0,0,0,0,0,0,0,0,0,0,0,0,0,0,0,0,0,0,0,0,0,0,0,0,0,0,0,0,0,0,0,0,0,0,0,0,0,0,0,0,0,0,0,0,0,0,0,0,0,0,0,0,0,0,0,0,0,0,0,0,0,0,0,0,0,0,0,0,0,0,0,0,0,0,0,0,0,0,0,0,0,0,0,0,0,0,0,0,0,0,0,0,0,0,0,0,0,0,0,0,0,0,0,0,0,0,0,0,0,0,0,0,0,0,0,0,0,0,0,0,0,0,0,0,0,0,0,0,0,0,0,0,0,0,0,0,0,0,0,0,0,0,0,0,0,0,0,0,0,0,0,0,0,0,0,0,0,0,0,0,0,0,0,0,0,0,0,0,0,0,0,0,0,0,0,0,0,0,0,0,0,0,0,0,0,0,0,0,0,0,0,0,0,0,0,0,0,0,0
2013-11,0,0,0,0,0,0,0,0,0,0,0,0,0,0,0,0,0,0,0,0,0,0,0,0,0,0,0,0,0,0,0,0,0,0,0,0,0,0,0,0,0,0,0,0,0,0,0,0,0,0,0,0,0,0,0,0,0,0,0,0,0,0,0,0,0,0,0,0,0,0,0,0,0,0,0,0,0,0,0,0,0,0,0,0,0,0,0,0,0,0,0,0,0,0,0,0,0,0,0,0,0,0,0,0,0,0,0,0,0,0,0,0,0,0,0,0,0,0,0,0,0,0,0,0,0,0,0,0,0,0,0,0,0,0,0,0,0,0,0,0,0,0,0,0,0,0,0,0,0,0,0,0,0,0,0,0,0,0,0,0,0,0,0,0,0,0,0,0,0,0,0,0,0,0,0,0,0,0,0,0,0,0,0,0,0,0,0,0,0,0,0,0,0,0,0,0,0,0,0,0,0,0,0,0,0,0,0,0,0,0,0,0,0,0,0,0,0,0,0,0,0,0,0,0,0,0,0,0,0,0,0,0,0,0,0,0,0,0,0,0,0,0,0,0,0,0,0,0,0,0,0,0,0,0,0,0,0,0,0,0,0,0,0,0,0,0,0,0,0,0,0,0,0,0,0,0,0,0,0,0,0,0,0,0,0,0,0,0,0,0,0,0
2013-12,0,0,0,0,0,0,0,0,0,0,0,0,0,0,0,0,0,0,0,0,0,0,0,0,0,0,0,0,0,0,0,0,0,0,0,0,0,0,0,0,0,0,0,0,0,0,0,0,0,0,0,0,0,0,0,0,0,0,0,0,0,0,0,0,0,0,0,0,0,0,0,0,0,0,0,0,0,0,0,0,0,0,0,0,0,0,0,0,0,0,0,0,0,0,0,0,0,0,0,0,0,0,0,0,0,0,0,0,0,0,0,0,0,0,0,0,0,0,0,0,0,0,0,0,0,0,0,0,0,0,0,0,0,0,0,0,0,0,0,0,0,0,0,0,0,0,0,0,0,0,0,0,0,0,0,0,0,0,0,0,0,0,0,0,0,0,0,0,0,0,0,0,0,0,0,0,0,0,0,0,0,0,0,0,0,0,0,0,0,0,0,0,0,0,0,0,0,0,0,0,0,0,0,0,0,0,0,0,0,0,0,0,0,0,0,0,0,0,0,0,0,0,0,0,0,0,0,0,0,0,0,0,0,0,0,0,0,0,0,0,0,0,0,0,0,0,0,0,0,0,0,0,0,0,0,0,0,0,0,0,0,0,0,0,0,0,0,0,0,0,0,0,0,0,0,0,0,0,0,0,0,0,0,0,0,0,0,0,0,0,0,0
2014-01,0,0,0,0,0,0,0,0,0,0,0,0,0,0,0,0,0,0,0,0,0,0,0,0,0,0,0,0,0,0,0,0,0,0,0,0,0,0,0,0,0,0,0,0,0,0,0,0,0,0,0,0,0,0,0,0,0,0,0,0,0,0,0,0,0,0,0,0,0,0,0,0,0,0,0,0,0,0,0,0,0,0,0,0,0,0,0,0,0,0,0,0,0,0,0,0,0,0,0,0,0,0,0,0,0,0,0,0,0,0,0,0,0,0,0,0,0,0,0,0,0,0,0,0,0,0,0,0,0,0,0,0,0,0,0,0,0,0,0,0,0,0,0,0,0,0,0,0,0,0,0,0,0,0,0,0,0,0,0,0,0,0,0,0,0,0,0,0,0,0,0,0,0,0,0,0,0,0,0,0,0,0,0,0,0,0,0,0,0,0,0,0,0,0,0,0,0,0,0,0,0,0,0,0,0,0,0,0,0,0,0,0,0,0,0,0,0,0,0,0,0,0,0,0,0,0,0,0,0,0,0,0,0,0,0,0,0,0,0,0,0,0,0,0,0,0,0,0,0,0,0,0,0,0,0,0,0,0,0,0,0,0,0,0,0,0,0,0,0,0,0,0,0,0,0,0,0,0,0,0,0,0,0,0,0,0,0,0,0,0,0,0
2014-02,0,0,0,0,0,0,0,0,0,0,0,0,0,0,0,0,0,0,0,0,0,0,0,0,0,0,0,0,0,0,0,0,0,0,0,0,0,0,0,0,0,0,0,0,0,0,0,0,0,0,0,0,0,0,0,0,0,0,0,0,0,0,0,0,0,0,0,0,0,0,0,0,0,0,0,0,0,0,0,0,0,0,0,0,0,0,0,0,0,0,0,0,0,0,0,0,0,0,0,0,0,0,0,0,0,0,0,0,0,0,0,0,0,0,0,0,0,0,0,0,0,0,0,0,0,0,0,0,0,0,0,0,0,0,0,0,0,0,0,0,0,0,0,0,0,0,0,0,0,0,0,0,0,0,0,0,0,0,0,0,0,0,0,0,0,0,0,0,0,0,0,0,0,0,0,0,0,0,0,0,0,0,0,0,0,0,0,0,0,0,0,0,0,0,0,0,0,0,0,0,0,0,0,0,0,0,0,0,0,0,0,0,0,0,0,0,0,0,0,0,0,0,0,0,0,0,0,0,0,0,0,0,0,0,0,0,0,0,0,0,0,0,0,0,0,0,0,0,0,0,0,0,0,0,0,0,0,0,0,0,0,0,0,0,0,0,0,0,0,0,0,0,0,0,0,0,0,0,0,0,0,0,0,0,0,0,0,0,0,0,0,0
2014-03,0,0,0,0,0,0,0,0,0,0,0,0,0,0,0,0,0,0,0,0,0,0,0,0,0,0,0,0,0,0,0,0,0,0,0,0,0,0,0,0,0,0,0,0,0,0,0,0,0,0,0,0,0,0,0,0,0,0,0,0,0,0,0,0,0,0,0,0,0,0,0,0,0,0,0,0,0,0,0,0,0,0,0,0,0,0,0,0,0,0,0,0,0,0,0,0,0,0,0,0,0,0,0,0,0,0,0,0,0,0,0,0,0,0,0,0,0,0,0,0,0,0,0,0,0,0,0,0,0,0,0,0,0,0,0,0,0,0,0,0,0,0,0,0,0,0,0,0,0,0,0,0,0,0,0,0,0,0,0,0,0,0,0,0,0,0,0,0,0,0,0,0,0,0,0,0,0,0,0,0,0,0,0,0,0,0,0,0,0,0,0,0,0,0,0,0,0,0,0,0,0,0,0,0,0,0,0,0,0,0,0,0,0,0,0,0,0,0,0,0,0,0,0,0,0,0,0,0,0,0,0,0,0,0,0,0,0,0,0,0,0,0,0,0,0,0,0,0,0,0,0,0,0,0,0,0,0,0,0,0,0,0,0,0,0,0,0,0,0,0,0,0,0,0,0,0,0,0,0,0,0,0,0,0,0,0,0,0,0,0,0,0
2014-04,0,0,0,0,0,0,0,0,0,0,0,0,0,0,0,0,0,0,0,0,0,0,0,0,0,0,0,0,0,0,0,0,0,0,0,0,0,0,0,0,0,0,0,0,0,0,0,0,0,0,0,0,0,0,0,0,0,0,0,0,0,0,0,0,0,0,0,0,0,0,0,0,0,0,0,0,0,0,0,0,0,0,0,0,0,0,0,0,0,0,0,0,0,0,0,0,0,0,0,0,0,0,0,0,0,0,0,0,0,0,0,0,0,0,0,0,0,0,0,0,0,0,0,0,0,0,0,0,0,0,0,0,0,0,0,0,0,0,0,0,0,0,0,0,0,0,0,0,0,0,0,0,0,0,0,0,0,0,0,0,0,0,0,0,0,0,0,0,0,0,0,0,0,0,0,0,0,0,0,0,0,0,0,0,0,0,0,0,0,0,0,0,0,0,0,0,0,0,0,0,0,0,0,0,0,0,0,0,0,0,0,0,0,0,0,0,0,0,0,0,0,0,0,0,0,0,0,0,0,0,0,0,0,0,0,0,0,0,0,0,0,0,0,0,0,0,0,0,0,0,0,0,0,0,0,0,0,0,0,0,0,0,0,0,0,0,0,0,0,0,0,0,0,0,0,0,0,0,0,0,0,0,0,0,0,0,0,0,0,0,0,0
2014-05,0,0,0,0,0,0,0,0,0,0,0,0,0,0,0,0,0,0,0,0,0,0,0,0,0,0,0,0,0,0,0,0,0,0,0,0,0,0,0,0,0,0,0,0,0,0,0,0,0,0,0,0,0,0,0,0,0,0,0,0,0,0,0,0,0,0,0,0,0,0,0,0,0,0,0,0,0,0,0,0,0,0,0,0,0,0,0,0,0,0,0,0,0,0,0,0,0,0,0,0,0,0,0,0,0,0,0,0,0,0,0,0,0,0,0,0,0,0,0,0,0,0,0,0,0,0,0,0,0,0,0,0,0,0,0,0,0,0,0,0,0,0,0,0,0,0,0,0,0,0,0,0,0,0,0,0,0,0,0,0,0,0,0,0,0,0,0,0,0,0,0,0,0,0,0,0,0,0,0,0,0,0,0,0,0,0,0,0,0,0,0,0,0,0,0,0,0,0,0,0,0,0,0,0,0,0,0,0,0,0,0,0,0,0,0,0,0,0,0,0,0,0,0,0,0,0,0,0,0,0,0,0,0,0,0,0,0,0,0,0,0,0,0,0,0,0,0,0,0,0,0,0,0,0,0,0,0,0,0,0,0,0,0,0,0,0,0,0,0,0,0,0,0,0,0,0,0,0,0,0,0,0,0,0,0,0,0,0,0,0,0,0
2014-06,0,0,0,0,0,0,0,0,0,0,0,0,0,0,0,0,0,0,0,0,0,0,0,0,0,0,0,0,0,0,0,0,0,0,0,0,0,0,0,0,0,0,0,0,0,0,0,0,0,0,0,0,0,0,0,0,0,0,0,0,0,0,0,0,0,0,0,0,0,0,0,0,0,0,0,0,0,0,0,0,0,0,0,0,0,0,0,0,0,0,0,0,0,0,0,0,0,0,0,0,0,0,0,0,0,0,0,0,0,0,0,0,0,0,0,0,0,0,0,0,0,0,0,0,0,0,0,0,0,0,0,0,0,0,0,0,0,0,0,0,0,0,0,0,0,0,0,0,0,0,0,0,0,0,0,0,0,0,0,0,0,0,0,0,0,0,0,0,0,0,0,0,0,0,0,0,0,0,0,0,0,0,0,0,0,0,0,0,0,0,0,0,0,0,0,0,0,0,0,0,0,0,0,0,0,0,0,0,0,0,0,0,0,0,0,0,0,0,0,0,0,0,0,0,0,0,0,0,0,0,0,0,0,0,0,0,0,0,0,0,0,0,0,0,0,0,0,0,0,0,0,0,0,0,0,0,0,0,0,0,0,0,0,0,0,0,0,0,0,0,0,0,0,0,0,0,0,0,0,0,0,0,0,0,0,0,0,0,0,0,0,0
2014-07,0,0,0,0,0,0,0,0,0,0,0,0,0,0,0,0,0,0,0,0,0,0,0,0,0,0,0,0,0,0,0,0,0,0,0,0,0,0,0,0,0,0,0,0,0,0,0,0,0,0,0,0,0,0,0,0,0,0,0,0,0,0,0,0,0,0,0,0,0,0,0,0,0,0,0,0,0,0,0,0,0,0,0,0,0,0,0,0,0,0,0,0,0,0,0,0,0,0,0,0,0,0,0,0,0,0,0,0,0,0,0,0,0,0,0,0,0,0,0,0,0,0,0,0,0,0,0,0,0,0,0,0,0,0,0,0,0,0,0,0,0,0,0,0,0,0,0,0,0,0,0,0,0,0,0,0,0,0,0,0,0,0,0,0,0,0,0,0,0,0,0,0,0,0,0,0,0,0,0,0,0,0,0,0,0,0,0,0,0,0,0,0,0,0,0,0,0,0,0,0,0,0,0,0,0,0,0,0,0,0,0,0,0,0,0,0,0,0,0,0,0,0,0,0,0,0,0,0,0,0,0,0,0,0,0,0,0,0,0,0,0,0,0,0,0,0,0,0,0,0,0,0,0,0,0,0,0,0,0,0,0,0,0,0,0,0,0,0,0,0,0,0,0,0,0,0,0,0,0,0,0,0,0,0,0,0,0,0,0,0,0,0
2014-08,0,0,0,0,0,0,0,0,0,0,0,0,0,0,0,0,0,0,0,0,0,0,0,0,0,0,0,0,0,0,0,0,0,0,0,0,0,0,0,0,0,0,0,0,0,0,0,0,0,0,0,0,0,0,0,0,0,0,0,0,0,0,0,0,0,0,0,0,0,0,0,0,0,0,0,0,0,0,0,0,0,0,0,0,0,0,0,0,0,0,0,0,0,0,0,0,0,0,0,0,0,0,0,0,0,0,0,0,0,0,0,0,0,0,0,0,0,0,0,0,0,0,0,0,0,0,0,0,0,0,0,0,0,0,0,0,0,0,0,0,0,0,0,0,0,0,0,0,0,0,0,0,0,0,0,0,0,0,0,0,0,0,0,0,0,0,0,0,0,0,0,0,0,0,0,0,0,0,0,0,0,0,0,0,0,0,0,0,0,0,0,0,0,0,0,0,0,0,0,0,0,0,0,0,0,0,0,0,0,0,0,0,0,0,0,0,0,0,0,0,0,0,0,0,0,0,0,0,0,0,0,0,0,0,0,0,0,0,0,0,0,0,0,0,0,0,0,0,0,0,0,0,0,0,0,0,0,0,0,0,0,0,0,0,0,0,0,0,0,0,0,0,0,0,0,0,0,0,0,0,0,0,0,0,0,0,0,0,0,0,0,0
2014-09,0,0,0,0,0,0,0,0,0,0,0,0,0,0,0,0,0,0,0,0,0,0,0,0,0,0,0,0,0,0,0,0,0,0,0,0,0,0,0,0,0,0,0,0,0,0,0,0,0,0,0,0,0,0,0,0,0,0,0,0,0,0,0,0,0,0,0,0,0,0,0,0,0,0,0,0,0,0,0,0,0,0,0,0,0,0,0,0,0,0,0,0,0,0,0,0,0,0,0,0,0,0,0,0,0,0,0,0,0,0,0,0,0,0,0,0,0,0,0,0,0,0,0,0,0,0,0,0,0,0,0,0,0,0,0,0,0,0,0,0,0,0,0,0,0,0,0,0,0,0,0,0,0,0,0,0,0,0,0,0,0,0,0,0,0,0,0,0,0,0,0,0,0,0,0,0,0,0,0,0,0,0,0,0,0,0,0,0,0,0,0,0,0,0,0,0,0,0,0,0,0,0,0,0,0,0,0,0,0,0,0,0,0,0,0,0,0,0,0,0,0,0,0,0,0,0,0,0,0,0,0,0,0,0,0,0,0,0,0,0,0,0,0,0,0,0,0,0,0,0,0,0,0,0,0,0,0,0,0,0,0,0,0,0,0,0,0,0,0,0,0,0,0,0,0,0,0,0,0,0,0,0,0,0,0,0,0,0,0,0,0,0
2014-10,0,0,0,0,0,0,0,0,0,0,0,0,0,0,0,0,0,0,0,0,0,0,0,0,0,0,0,0,0,0,0,0,0,0,0,0,0,0,0,0,0,0,0,0,0,0,0,0,0,0,0,0,0,0,0,0,0,0,0,0,0,0,0,0,0,0,0,0,0,0,0,0,0,0,0,0,0,0,0,0,0,0,0,0,0,0,0,0,0,0,0,0,0,0,0,0,0,0,0,0,0,0,0,0,0,0,0,0,0,0,0,0,0,0,0,0,0,0,0,0,0,0,0,0,0,0,0,0,0,0,0,0,0,0,0,0,0,0,0,0,0,0,0,0,0,0,0,0,0,0,0,0,0,0,0,0,0,0,0,0,0,0,0,0,0,0,0,0,0,0,0,0,0,0,0,0,0,0,0,0,0,0,0,0,0,0,0,0,0,0,0,0,0,0,0,0,0,0,0,0,0,0,0,0,0,0,0,0,0,0,0,0,0,0,0,0,0,0,0,0,0,0,0,0,0,0,0,0,0,0,0,0,0,0,0,0,0,0,0,0,0,0,0,0,0,0,0,0,0,0,0,0,0,0,0,0,0,0,0,0,0,0,0,0,0,0,0,0,0,0,0,0,0,0,0,0,0,0,0,0,0,0,0,0,0,0,0,0,0,0,0,0
2014-11,0,0,0,0,0,0,0,0,0,0,0,0,0,0,0,0,0,0,0,0,0,0,0,0,0,0,0,0,0,0,0,0,0,0,0,0,0,0,0,0,0,0,0,0,0,0,0,0,0,0,0,0,0,0,0,0,0,0,0,0,0,0,0,0,0,0,0,0,0,0,0,0,0,0,0,0,0,0,0,0,0,0,0,0,0,0,0,0,0,0,0,0,0,0,0,0,0,0,0,0,0,0,0,0,0,0,0,0,0,0,0,0,0,0,0,0,0,0,0,0,0,0,0,0,0,0,0,0,0,0,0,0,0,0,0,0,0,0,0,0,0,0,0,0,0,0,0,0,0,0,0,0,0,0,0,0,0,0,0,0,0,0,0,0,0,0,0,0,0,0,0,0,0,0,0,0,0,0,0,0,0,0,0,0,0,0,0,0,0,0,0,0,0,0,0,0,0,0,0,0,0,0,0,0,0,0,0,0,0,0,0,0,0,0,0,0,0,0,0,0,0,0,0,0,0,0,0,0,0,0,0,0,0,0,0,0,0,0,0,0,0,0,0,0,0,0,0,0,0,0,0,0,0,0,0,0,0,0,0,0,0,0,0,0,0,0,0,0,0,0,0,0,0,0,0,0,0,0,0,0,0,0,0,0,0,0,0,0,0,0,0,0
2014-12,0,0,0,0,8,0,0,0,0,0,0,12,0,0,0,0,0,0,0,2,0,0,0,2,0,0,0,4,0,0,7,0,2,0,4,0,0,0,0,16,0,12,0,0,0,0,0,0,8,0,6,76,0,0,0,0,11,7,0,0,0,0,0,9,0,0,0,0,0,0,0,0,0,4,2,0,0,0,0,6,6,3,0,0,0,0,0,0,0,19,0,4,0,4,2,0,8,0,0,0,0,0,0,0,0,0,22,0,4,0,0,8,2,0,0,0,0,2,0,0,0,0,0,0,6,8,0,0,3,2,8,0,0,0,4,0,0,2,0,0,0,0,0,2,0,0,0,2,0,0,2,0,0,0,0,4,0,0,0,0,8,0,0,0,0,0,1,0,0,0,0,0,0,0,0,0,0,0,0,0,0,0,0,0,0,0,0,0,0,3,0,0,0,3,0,0,0,0,226,0,0,0,25,2,0,46,0,0,0,0,0,0,0,0,0,0,4,6,9,0,2,0,6,0,0,0,0,0,0,0,1,8,0,5,0,0,10,6,3,8,0,21,0,0,0,0,0,0,6,0,0,0,0,0,1,0,0,0,0,0,0,0,0,5,0,0,0,0,4,24,20,0,0,0,0,0,0,0,0,0,8,2,0,0,78,0,0,0,0,0,0,0
2015-01,0,0,0,0,8,0,0,0,0,4,0,12,0,0,0,0,0,0,0,2,0,0,0,2,0,0,0,4,0,0,7,0,2,0,4,0,0,0,0,16,0,12,0,0,0,0,0,0,8,0,6,76,0,0,0,0,11,7,0,0,0,0,0,9,0,0,0,0,0,0,0,0,0,4,2,0,0,0,0,6,6,3,0,0,0,0,0,0,0,19,0,4,0,4,2,0,11,0,0,0,0,0,0,0,0,0,22,0,4,0,4,8,2,0,0,0,0,2,0,0,0,0,0,0,6,8,0,0,3,2,8,0,0,0,26,0,0,2,0,0,0,0,0,2,0,0,0,2,0,0,2,0,0,0,0,4,0,0,0,0,8,0,0,0,0,0,1,0,0,0,0,0,0,0,0,0,0,0,0,0,0,0,0,0,0,0,0,0,0,3,0,0,0,3,0,0,0,0,226,0,0,0,25,2,0,46,0,0,0,0,0,0,0,0,0,0,4,6,9,0,2,0,6,0,0,0,0,0,0,0,1,14,0,5,0,0,10,6,3,8,0,21,0,0,0,0,0,0,6,0,0,0,0,0,1,0,0,0,0,0,0,0,0,5,0,0,0,0,4,24,20,0,0,0,0,0,0,0,0,0,8,2,0,0,78,0,0,0,0,0,0,0
2015-02,0,0,0,0,8,0,0,0,0,4,0,12,0,0,0,0,0,0,0,2,0,0,0,2,0,0,0,4,0,0,7,0,2,0,4,0,0,0,0,16,0,8,0,0,0,0,0,0,10,0,6,76,0,0,0,0,11,9,0,0,0,0,0,9,0,0,0,0,0,0,0,0,0,4,2,0,0,0,0,6,6,3,0,0,0,0,0,0,0,19,0,8,0,4,2,0,11,0,0,0,0,0,0,0,0,0,22,0,4,0,4,8,2,0,0,0,0,2,0,0,0,0,0,0,6,8,0,0,3,2,8,0,0,0,26,0,0,2,0,0,0,0,0,2,0,0,0,2,0,0,2,0,0,0,0,4,0,0,0,0,8,0,0,0,0,0,1,0,0,0,0,0,0,0,0,0,0,7,0,0,0,0,0,0,0,0,0,0,0,3,0,0,0,3,0,0,0,0,262,0,0,0,25,2,0,46,0,0,0,0,0,0,0,0,0,0,4,6,9,0,2,0,6,0,0,0,0,0,0,0,1,14,0,5,0,0,10,8,3,8,0,21,0,0,0,0,0,0,6,0,0,0,0,0,1,0,0,0,0,0,0,0,0,9,0,0,0,0,4,24,20,0,0,0,0,0,0,0,0,0,8,2,0,0,76,0,0,0,0,0,0,0
2015-03,0,0,0,0,8,0,1,0,0,4,0,12,0,0,0,0,0,0,0,2,0,0,0,2,0,0,0,4,0,0,7,2,2,0,4,0,0,0,0,16,0,10,0,0,0,0,0,2,10,0,6,76,0,0,0,0,17,9,0,0,0,0,0,9,0,0,0,0,0,0,0,0,0,4,2,0,0,0,0,6,6,3,2,0,0,0,0,0,0,19,0,8,0,4,2,0,11,5,0,0,0,0,0,0,0,2,22,0,4,0,4,8,2,0,0,0,0,6,0,0,0,0,0,0,6,8,0,0,3,2,8,0,0,0,26,6,0,2,0,0,0,0,2,2,0,0,0,2,0,0,2,0,0,0,0,6,0,0,0,0,8,0,0,0,0,2,1,0,0,0,0,0,0,0,0,0,0,7,6,0,0,0,0,0,0,0,0,0,0,3,0,0,0,3,0,0,0,0,274,0,0,0,25,2,0,46,0,0,0,0,0,0,2,0,0,0,4,6,9,0,2,0,6,0,0,0,0,0,0,0,1,14,0,5,0,0,10,6,3,8,0,25,0,0,0,0,0,0,6,0,0,0,0,0,1,0,0,0,0,0,0,0,0,9,0,0,0,0,4,24,20,0,0,0,0,2,0,0,0,0,8,2,0,0,78,0,0,0,0,0,0,0
2015-04,0,0,0,0,8,0,1,0,0,4,0,12,0,0,0,0,0,0,0,2,0,0,0,2,0,0,0,4,0,0,7,2,2,0,4,0,0,0,0,16,0,10,0,0,0,0,0,2,10,0,6,84,0,0,0,0,17,46,0,0,0,0,0,9,0,0,0,0,0,0,0,0,0,4,2,0,0,0,0,6,6,3,2,0,0,0,0,0,0,19,0,9,0,4,2,0,11,5,0,0,0,0,0,0,0,2,22,0,4,0,4,8,2,0,0,0,0,8,0,0,0,0,0,0,6,8,0,0,3,2,8,0,0,0,26,24,0,2,0,0,0,0,2,2,0,4,0,6,0,0,2,0,0,0,0,6,0,0,0,0,8,0,0,0,8,2,1,0,0,0,0,0,0,0,0,0,0,7,6,0,0,0,0,0,0,0,0,0,0,3,0,0,0,3,0,0,0,0,277,0,0,0,25,2,0,50,0,0,0,0,0,0,2,0,0,0,4,6,9,0,2,0,6,0,0,0,0,0,0,0,1,14,0,5,0,0,10,6,3,8,0,25,0,0,0,0,0,0,6,0,0,0,0,0,1,0,0,0,0,0,0,0,0,9,0,0,0,0,4,24,20,0,0,0,0,2,0,0,0,0,8,2,0,0,78,0,0,0,0,0,0,0
2015-05,0,0,0,0,8,0,1,0,0,4,0,12,0,0,0,0,0,0,8,2,0,0,0,2,0,0,0,4,0,0,7,2,2,0,4,0,0,0,0,16,0,12,0,0,0,0,0,2,10,0,6,84,0,0,0,0,21,46,0,0,0,0,0,9,0,0,0,0,0,0,0,0,0,4,2,0,0,0,0,6,6,3,2,0,0,0,0,0,0,19,0,9,0,4,2,0,11,5,0,0,0,0,0,0,8,2,22,0,4,0,4,8,2,0,0,0,0,10,0,0,0,0,0,0,6,8,0,0,3,2,8,0,0,0,26,24,0,2,0,0,0,0,2,2,0,4,0,6,0,0,2,0,0,0,0,6,0,0,0,0,8,0,0,0,8,2,1,0,0,0,0,0,0,0,0,0,0,7,6,0,0,0,0,0,0,0,0,0,0,3,0,0,0,3,0,0,0,0,359,0,0,0,25,2,0,76,0,0,0,0,0,0,2,0,0,6,4,8,9,0,2,0,6,0,0,0,0,0,0,0,1,14,0,5,0,0,10,6,9,8,0,27,0,0,0,0,0,0,6,0,0,0,0,0,1,0,0,0,0,0,6,0,0,9,0,0,0,0,4,24,20,0,0,0,0,2,0,0,0,0,8,2,0,4,78,0,0,0,0,0,0,0
2015-06,0,0,0,0,8,0,1,3,0,4,0,12,0,0,0,0,0,4,10,2,0,0,0,2,0,0,0,4,0,0,7,2,2,0,4,0,0,0,0,16,0,20,0,0,0,0,0,2,10,0,6,97,0,0,0,0,21,46,0,0,0,0,0,11,0,0,0,0,0,9,0,2,0,4,2,0,0,0,0,8,6,3,2,0,0,0,2,0,0,19,0,9,0,4,2,7,13,5,0,0,0,0,0,0,8,2,22,0,4,0,4,10,2,0,0,0,0,10,0,0,2,0,0,0,4,8,0,0,3,2,8,0,0,0,26,24,0,2,0,0,0,0,2,2,0,4,0,6,0,0,2,0,0,0,0,6,0,0,0,0,8,3,0,0,8,2,1,0,3,0,0,0,0,0,0,0,0,7,6,0,0,0,0,0,0,0,0,0,0,3,0,0,0,3,0,0,0,0,347,0,0,0,25,2,0,76,3,0,0,0,0,0,2,0,0,6,4,8,9,0,2,0,6,0,0,0,0,0,0,0,1,14,0,5,0,0,10,6,9,8,0,28,0,0,0,0,0,0,6,0,0,0,0,0,1,0,0,0,0,0,6,3,0,9,0,0,0,0,4,24,20,0,0,0,0,2,0,0,0,0,8,2,0,4,78,0,0,0,0,0,0,0
2015-07,0,0,0,0,8,0,1,3,0,4,0,12,0,0,0,0,0,4,13,2,0,0,0,2,0,0,0,4,0,0,7,2,2,0,4,0,0,0,0,16,0,20,0,0,0,0,0,2,10,0,6,95,0,0,0,0,21,46,0,0,0,0,0,14,0,0,0,0,0,9,0,2,0,4,2,0,0,0,0,8,6,3,2,0,0,0,2,0,0,19,0,9,0,4,2,17,13,5,0,0,0,0,0,0,8,2,22,0,4,0,4,10,2,0,0,0,0,10,0,0,2,0,0,0,4,8,0,0,3,2,8,0,0,0,26,24,0,2,0,0,0,0,2,2,0,4,0,6,0,0,2,0,0,0,0,6,0,0,0,0,8,3,0,0,8,2,1,0,3,0,0,0,0,0,0,0,0,7,6,0,0,0,91,0,0,0,0,0,0,3,0,0,0,3,0,0,0,0,407,0,0,0,25,2,0,80,3,0,0,0,0,0,2,0,0,6,4,8,9,0,2,0,6,0,0,0,0,0,0,0,1,14,0,5,0,0,10,6,9,8,0,28,0,0,0,0,0,0,6,0,0,0,0,0,1,0,0,0,0,0,6,3,0,9,0,0,0,0,4,24,20,0,0,0,0,4,0,0,0,0,8,2,0,4,78,0,0,0,0,0,0,0
2015-08,0,0,0,0,8,0,1,3,0,4,0,12,0,0,0,0,2,4,13,2,0,0,0,2,0,0,0,4,0,0,7,2,2,0,4,0,0,0,0,16,0,20,0,0,0,0,0,2,10,0,6,95,0,0,0,0,21,46,0,0,0,0,0,15,0,0,0,0,0,9,0,2,0,4,2,0,0,0,0,8,6,3,2,0,0,0,2,0,0,21,0,9,0,4,2,17,13,5,0,0,0,0,0,0,8,2,22,0,4,0,4,10,2,5,0,0,0,10,0,0,2,0,0,0,4,8,0,0,3,2,8,0,0,0,26,24,0,2,0,0,0,0,0,2,2,4,0,6,0,0,2,0,0,0,0,6,0,0,0,0,8,0,0,0,8,2,1,0,0,0,0,0,0,0,0,0,0,15,6,2,0,0,92,4,0,0,0,0,0,3,0,0,0,3,0,0,0,0,409,0,0,0,28,2,0,80,3,0,0,0,0,0,2,0,0,8,4,8,9,0,2,0,6,0,0,0,0,0,0,0,5,14,0,5,0,0,10,6,9,8,0,28,0,0,0,0,0,0,9,14,0,0,0,0,1,0,0,0,0,0,6,3,0,9,1,0,0,0,4,24,20,0,0,2,0,4,0,0,0,0,8,2,0,4,78,0,0,0,0,0,0,0
2015-09,0,0,0,0,8,0,1,3,0,4,0,12,0,0,0,0,2,4,13,5,4,0,0,2,0,0,0,4,0,0,10,2,2,0,4,0,0,0,0,16,0,20,0,0,0,0,0,2,10,0,6,106,0,0,0,0,23,49,0,0,0,0,0,18,0,0,0,0,0,9,0,2,0,4,2,0,0,0,0,8,6,3,2,0,0,0,2,0,0,24,0,9,0,4,5,19,16,5,0,0,0,0,0,0,8,2,22,0,4,0,4,10,2,8,0,0,0,10,0,0,2,4,0,0,7,8,0,0,2,2,8,3,0,0,26,24,0,2,0,0,0,0,0,2,2,4,0,9,0,0,2,0,0,0,0,6,0,0,0,0,8,0,0,0,8,2,1,0,0,0,0,0,0,0,0,0,0,15,6,2,0,0,92,4,0,0,0,0,0,3,0,0,0,3,0,0,3,0,410,0,0,0,28,2,0,80,3,0,0,0,0,0,2,0,0,8,4,8,9,0,2,0,6,0,0,0,0,0,0,0,5,14,0,5,0,0,13,6,9,8,0,28,0,0,0,0,0,0,9,19,0,0,0,0,1,0,0,0,0,0,6,3,0,9,1,0,0,0,4,24,20,0,0,2,0,4,0,0,0,0,12,2,3,4,78,0,0,0,0,0,0,0
2015-10,0,0,0,0,11,0,1,3,0,4,0,10,0,0,0,0,2,4,13,5,4,0,0,2,0,0,0,4,0,0,10,2,2,0,4,0,0,0,0,16,0,32,0,0,0,0,0,2,10,0,6,104,0,0,0,0,23,52,0,0,0,0,0,18,0,0,0,0,0,9,0,2,0,4,2,0,0,0,0,8,6,3,2,0,0,0,2,0,0,24,0,9,0,4,5,19,16,5,0,0,0,0,0,0,8,2,22,0,4,0,4,10,2,8,0,0,0,10,0,0,2,4,0,0,8,8,0,0,2,2,8,3,0,0,26,24,0,2,0,0,0,0,8,2,2,4,0,9,0,0,2,0,0,0,0,6,0,0,0,0,8,0,0,0,8,2,1,0,0,0,0,0,0,0,0,0,0,15,6,2,0,0,92,4,0,0,0,0,0,3,0,0,0,3,0,0,3,3,410,0,0,0,31,2,0,86,3,0,0,0,0,0,2,0,0,8,10,8,9,0,2,0,6,0,0,0,0,0,0,0,9,14,0,5,0,0,13,6,9,8,0,28,0,0,0,0,0,0,9,19,0,0,0,0,1,0,0,0,0,0,6,11,0,13,18,0,0,2,4,24,20,0,0,2,0,4,0,0,0,0,12,6,3,4,84,0,0,0,0,0,0,0
2015-11,0,0,0,0,11,0,1,3,0,4,0,12,0,0,0,0,2,4,13,5,4,0,0,2,0,0,0,4,0,0,10,2,2,0,4,2,0,0,0,16,0,28,0,0,0,0,0,2,10,0,7,104,0,0,0,0,29,57,0,0,0,0,0,18,0,0,0,0,0,9,0,2,0,4,2,2,0,0,0,8,6,11,2,0,0,0,2,0,0,24,0,9,0,4,5,19,16,5,0,0,0,0,0,0,8,4,22,0,4,0,4,10,3,8,2,0,0,10,0,0,2,4,0,0,10,8,0,0,2,2,11,4,0,0,30,24,0,2,0,0,0,0,8,2,2,8,0,9,0,0,2,0,0,0,0,6,2,0,0,0,8,0,0,0,8,2,1,0,0,0,0,0,0,0,2,0,0,17,6,2,0,0,92,6,0,0,0,0,0,3,0,0,0,3,0,0,3,3,410,0,0,0,31,0,0,86,5,0,0,0,0,0,2,0,0,8,10,8,9,0,2,0,6,0,0,0,0,0,0,0,9,14,0,5,2,0,13,6,9,8,0,28,0,0,0,0,0,0,9,19,0,0,0,0,2,0,0,0,0,0,6,11,0,15,41,0,0,2,4,24,20,0,0,2,0,4,0,0,0,0,12,6,3,4,88,0,0,0,0,0,0,0
2015-12,0,0,0,0,11,0,1,3,0,4,0,12,0,0,0,0,2,4,13,5,4,0,0,2,0,0,0,4,0,0,10,2,2,0,4,2,0,0,0,16,0,32,0,0,0,0,0,2,10,0,7,104,0,0,0,0,31,59,0,0,0,0,0,18,0,4,0,0,0,9,0,2,0,4,2,2,0,0,0,10,6,11,2,0,0,0,2,0,0,24,0,9,0,4,5,19,16,5,0,0,0,0,0,0,8,4,22,0,4,0,4,10,3,8,2,0,0,10,0,0,2,4,0,0,10,8,0,0,2,2,11,4,0,0,30,24,0,2,0,0,0,0,8,2,2,8,0,9,0,0,2,0,0,0,0,6,5,0,0,0,8,0,0,0,8,2,1,0,0,0,0,0,0,0,2,0,0,17,6,2,0,0,92,6,0,0,0,0,0,3,0,2,0,3,0,0,3,3,416,0,0,0,31,2,2,90,5,0,0,0,0,0,2,0,0,8,10,8,9,0,2,0,6,0,0,0,0,0,0,0,9,14,4,5,2,0,13,6,13,8,0,28,0,0,0,0,0,0,9,19,0,0,0,0,2,0,0,0,0,0,6,11,0,15,41,0,0,2,4,24,20,0,0,2,0,4,0,0,0,0,12,6,3,4,86,0,0,0,0,0,0,0
2016-01,0,0,0,0,11,0,1,3,0,4,0,12,0,0,0,0,2,4,12,5,4,0,0,2,0,0,0,4,0,0,10,2,2,0,4,2,0,0,0,16,0,32,0,0,0,0,0,2,10,0,7,104,0,0,0,0,31,59,0,0,0,0,0,18,0,4,0,0,0,9,0,2,0,4,2,2,0,0,0,10,8,11,2,0,0,0,2,0,0,24,0,9,0,4,5,19,16,5,0,0,0,0,0,0,8,4,22,0,4,0,4,10,3,8,2,0,0,10,0,0,2,4,0,0,10,8,0,0,2,4,11,4,0,0,30,28,0,2,0,0,0,0,8,2,2,8,0,11,1,2,2,0,0,0,0,6,5,0,0,0,8,0,0,0,8,2,1,0,0,0,0,0,0,2,2,0,0,17,6,2,0,0,92,6,0,0,0,0,0,3,0,2,0,3,0,0,3,3,416,0,0,0,31,2,2,90,5,0,0,0,0,0,2,0,0,8,10,8,9,0,2,0,6,0,0,0,0,0,0,0,13,14,4,5,2,0,13,6,13,8,0,28,0,0,0,0,0,0,9,27,0,0,0,0,2,0,0,0,0,0,6,11,0,15,41,0,0,2,4,24,20,0,0,2,0,4,0,0,0,0,12,6,3,6,90,0,0,0,0,0,0,0
2016-02,0,0,0,0,11,0,1,3,0,4,0,12,0,0,0,0,2,4,12,5,4,0,0,2,0,0,0,4,0,0,10,2,2,0,4,2,0,0,3,16,0,32,0,0,0,0,0,2,18,0,7,104,0,0,0,0,31,59,0,0,0,0,0,18,0,4,0,0,0,9,0,2,0,4,2,2,0,0,0,10,8,14,2,0,0,0,2,0,0,30,0,9,0,4,5,19,16,5,0,0,0,0,0,0,8,4,20,0,4,0,4,10,3,8,2,0,0,10,0,0,2,4,0,0,10,8,0,0,2,4,11,4,0,0,30,28,0,2,0,0,0,0,8,2,2,8,0,11,1,2,2,0,0,0,0,6,5,0,0,0,8,0,0,0,8,2,1,0,0,0,0,0,0,2,2,0,0,17,6,2,0,0,92,6,0,0,0,0,0,3,0,2,0,3,0,0,3,3,418,0,0,0,31,2,2,90,5,0,0,0,0,0,2,0,0,8,10,8,9,0,2,0,6,0,0,0,0,0,0,0,13,14,4,5,2,0,13,6,13,8,0,28,0,0,2,0,0,0,9,27,0,0,0,0,2,0,0,0,0,0,6,11,0,15,41,0,0,2,4,24,20,0,0,2,0,4,0,0,0,0,12,6,3,6,88,0,0,0,0,0,0,0
2016-03,0,0,0,0,11,0,1,3,0,4,0,12,0,0,0,0,2,4,12,6,4,0,0,2,0,0,0,4,0,0,10,2,2,2,4,8,0,0,3,19,0,32,0,0,0,0,0,2,18,0,7,104,3,0,0,0,34,63,0,0,0,0,0,18,0,4,0,0,0,12,0,2,0,5,5,2,0,0,0,10,8,14,2,0,0,0,2,0,0,34,0,15,0,8,6,19,17,5,0,0,0,0,0,0,8,4,20,0,4,0,4,13,3,8,4,0,0,10,0,0,2,4,0,0,10,11,0,0,2,4,11,4,0,0,36,32,0,2,0,0,0,0,8,2,2,8,0,11,1,2,3,0,0,0,0,10,5,0,0,0,12,0,0,0,8,2,1,0,4,0,0,0,0,2,2,0,0,17,6,2,0,0,95,6,0,0,0,0,0,3,0,2,0,3,0,0,3,3,434,0,0,3,43,2,2,90,5,0,0,0,0,0,2,0,3,8,10,8,21,0,2,3,6,0,0,0,0,0,0,0,13,14,4,5,2,0,20,6,13,8,0,28,0,0,2,0,0,0,9,23,0,0,0,0,2,0,0,0,0,0,6,11,4,15,41,0,3,2,4,24,21,0,0,2,0,4,0,0,8,0,12,6,3,6,88,0,0,0,0,0,0,0
2016-04,0,0,0,0,11,0,1,3,0,4,0,12,0,0,0,0,2,4,12,6,4,0,0,2,0,0,0,4,0,0,10,2,2,2,4,12,0,0,3,19,0,32,0,0,0,0,0,2,18,0,7,104,3,0,0,0,34,63,0,0,0,0,0,18,0,4,0,0,0,12,0,2,0,5,5,2,0,0,0,10,8,14,2,0,0,0,2,0,0,40,0,15,0,8,6,19,17,5,0,0,0,0,0,0,8,4,22,0,4,0,4,13,3,8,4,0,0,10,0,0,2,4,0,0,10,11,0,0,2,4,11,4,0,0,36,32,0,2,0,0,0,0,8,2,2,8,0,11,1,2,3,0,0,0,0,10,5,0,0,0,12,0,0,0,8,2,1,0,4,0,0,0,0,2,2,0,0,17,6,2,0,0,95,6,0,0,0,0,0,3,0,2,0,3,0,0,3,3,436,0,0,3,43,2,2,90,5,0,0,0,0,0,2,0,3,8,10,8,21,0,2,3,6,0,0,0,0,0,0,0,13,14,4,5,2,0,20,6,13,8,0,28,0,0,2,0,0,0,9,23,0,0,0,0,2,0,0,0,0,0,6,11,4,15,41,0,3,2,4,24,21,0,0,2,0,4,0,0,8,0,12,6,3,6,90,0,0,0,0,0,0,0
2016-05,0,0,0,0,11,0,1,3,0,4,0,12,0,0,0,0,2,4,12,6,4,0,0,2,0,0,0,4,0,0,10,2,2,2,7,12,0,0,3,19,0,32,0,0,0,0,0,2,18,0,7,104,3,0,0,0,34,63,0,0,0,0,0,18,0,4,0,0,0,12,0,2,0,5,5,2,0,0,0,10,8,14,2,0,0,0,2,0,3,40,0,15,0,8,6,19,17,5,0,0,0,0,0,0,8,4,22,0,4,0,4,16,3,8,4,0,0,10,0,0,2,4,0,0,10,11,0,0,2,4,11,4,0,0,39,32,0,2,0,0,0,0,8,2,2,8,0,11,1,2,3,0,0,3,0,10,5,0,0,0,12,0,0,0,8,2,1,0,4,0,0,0,0,2,2,0,0,17,6,2,0,0,95,6,0,0,0,0,0,3,0,2,0,3,0,0,3,3,436,0,0,3,43,2,2,90,5,0,0,0,0,0,2,0,3,8,10,8,21,0,2,3,6,0,0,0,0,0,0,0,13,14,4,5,2,0,20,6,13,8,0,31,0,0,2,0,0,0,9,23,0,0,0,0,2,0,0,0,0,0,13,20,4,16,41,0,3,2,4,24,21,0,0,2,4,4,0,0,9,0,12,6,3,6,92,0,0,0,0,0,0,0
2016-06,0,0,2,0,11,0,1,3,0,4,0,12,0,0,0,0,2,4,12,6,4,0,0,2,0,4,0,4,0,0,10,2,2,4,7,12,0,0,3,19,0,32,0,0,0,0,0,2,18,0,7,107,3,0,0,0,34,96,0,0,0,0,0,18,0,4,0,0,0,14,0,2,0,5,5,2,0,0,0,10,8,14,2,0,0,0,2,0,3,42,4,18,0,8,6,19,17,5,0,0,0,0,0,0,8,4,22,0,4,0,4,16,3,8,4,0,0,13,0,0,2,4,0,0,13,11,0,0,2,4,11,4,0,0,39,32,0,2,0,0,0,3,8,2,2,8,0,11,1,2,3,0,0,3,0,18,5,0,0,0,12,0,0,0,8,2,1,0,4,2,0,0,0,2,2,0,0,19,9,2,0,0,95,6,0,0,0,0,0,3,0,2,0,3,0,0,3,3,465,0,0,3,43,2,2,94,5,0,0,0,0,0,2,0,3,8,10,8,21,0,2,3,6,0,0,0,0,0,0,12,17,14,4,5,2,2,24,6,13,8,0,31,0,0,2,0,0,0,9,23,0,0,0,0,2,0,0,0,0,0,13,22,4,16,41,0,5,2,4,24,21,0,0,2,4,4,0,0,9,0,12,6,3,6,92,0,0,0,0,0,0,0
2016-07,0,0,2,0,11,0,1,3,0,4,0,12,0,0,0,0,2,4,12,6,4,0,0,2,0,4,0,4,0,0,10,2,2,4,7,12,0,0,3,19,0,32,0,0,0,0,0,2,18,0,7,107,3,0,0,0,34,96,0,0,0,0,0,18,0,4,0,0,0,14,0,2,0,5,5,2,0,0,0,10,8,14,2,0,0,0,2,0,3,42,4,18,0,8,6,19,17,5,0,0,0,0,0,0,8,4,22,0,4,0,4,16,3,8,4,0,0,13,0,0,2,4,0,0,13,11,2,0,2,4,11,4,0,0,39,32,0,2,0,0,0,3,8,2,2,8,0,14,1,2,3,0,0,3,0,18,5,0,0,0,12,0,0,0,8,2,1,0,4,2,0,0,0,2,2,0,0,19,9,2,0,0,95,6,0,0,0,0,0,3,0,2,0,3,0,0,3,3,465,0,0,3,43,2,2,94,5,0,0,0,0,0,2,0,3,8,10,8,21,0,2,3,6,0,0,0,0,0,0,12,17,14,4,5,2,2,24,6,17,8,0,31,0,0,2,0,0,0,9,23,0,0,0,0,2,0,0,0,0,0,13,22,4,16,41,0,5,2,4,24,21,0,0,2,4,4,0,0,9,0,12,6,3,6,92,0,0,0,0,0,0,0
2016-08,0,0,2,0,11,0,1,3,0,4,0,12,0,0,0,0,2,4,12,6,4,0,0,2,0,4,0,4,0,0,10,2,2,4,7,12,0,0,3,19,0,34,0,0,0,0,0,2,24,0,7,107,3,0,0,0,34,96,0,0,0,0,0,18,0,4,0,0,0,14,0,2,0,5,5,2,0,0,0,10,8,14,2,0,0,0,2,0,3,42,4,22,0,8,6,19,17,5,0,0,0,0,0,0,8,4,22,0,4,0,4,16,3,8,4,0,0,13,0,0,2,4,0,0,13,11,2,0,2,4,11,4,0,0,39,32,0,2,0,0,0,3,8,2,2,8,0,14,1,2,3,0,0,3,0,18,5,0,0,0,12,0,0,0,8,2,1,0,4,2,0,0,0,2,2,0,0,19,9,5,0,0,121,6,0,0,0,0,0,3,0,2,0,3,0,0,3,3,473,0,0,3,43,2,2,94,5,0,0,0,0,0,2,0,3,8,10,8,21,0,2,3,6,0,0,0,0,0,0,12,17,14,4,5,2,2,25,6,17,8,0,31,0,0,2,0,0,0,9,23,0,0,0,0,2,0,0,0,0,0,13,22,4,16,41,0,5,2,4,24,21,0,0,2,4,4,0,0,9,0,12,6,3,6,92,0,0,0,0,0,0,0
2016-09,0,0,2,0,11,0,1,3,0,4,0,12,0,0,0,0,2,4,12,6,4,0,0,2,0,4,0,4,0,0,10,2,2,4,7,12,0,0,3,19,0,34,0,0,0,0,0,2,24,0,7,131,3,0,0,0,34,95,0,0,0,0,0,19,0,4,0,0,0,24,0,2,0,5,5,2,0,0,0,10,8,14,2,0,0,0,2,0,3,42,4,31,0,10,6,19,17,5,0,0,0,0,0,0,14,4,22,0,4,0,4,16,3,8,4,0,0,13,0,0,2,4,0,0,13,11,2,0,4,4,13,4,0,0,39,32,0,2,0,0,0,3,8,2,2,8,0,14,1,2,3,0,0,3,0,18,5,0,0,0,15,7,0,0,8,2,1,0,7,2,0,0,0,2,2,0,0,19,9,5,0,0,121,6,0,2,0,0,0,3,0,2,0,3,0,0,3,3,473,0,0,3,43,2,2,94,5,0,0,4,0,0,2,0,3,8,10,8,21,0,2,3,6,0,0,0,0,0,0,12,13,14,4,5,2,2,25,6,17,8,0,31,2,0,2,0,0,0,9,23,0,0,0,0,2,0,0,0,6,0,13,22,4,18,41,0,5,2,4,24,21,0,0,2,4,4,0,0,9,0,12,9,3,6,96,0,0,0,0,0,0,0
2016-10,3,0,2,0,11,0,1,3,0,4,0,12,0,0,0,0,2,4,12,6,4,0,0,2,0,4,0,4,0,0,10,2,2,4,7,14,2,0,3,19,0,34,0,0,0,0,0,2,24,0,7,131,3,0,0,0,38,95,0,0,0,0,0,22,6,4,0,0,0,24,0,2,0,5,5,2,0,0,0,10,8,14,2,0,0,0,2,0,3,42,4,31,0,10,6,19,17,5,0,0,0,0,0,0,14,4,22,0,4,0,4,16,3,8,4,0,2,13,0,0,2,4,0,0,13,11,2,0,4,4,13,16,0,0,39,32,0,2,0,0,0,3,8,2,2,8,0,14,1,2,3,0,0,3,0,18,5,0,0,0,17,7,0,0,8,2,1,0,7,2,0,0,0,2,5,0,0,19,9,5,0,0,131,6,0,2,6,0,0,3,0,2,0,3,0,0,0,3,490,0,0,3,43,2,2,94,5,0,0,4,0,0,2,0,3,8,16,8,21,0,2,3,6,0,0,0,0,0,0,12,13,14,4,5,2,2,25,8,25,8,0,31,2,2,2,0,0,0,9,23,0,0,0,0,2,0,0,0,6,0,17,22,4,18,41,0,5,2,4,24,21,0,0,2,4,4,0,0,9,0,12,10,3,12,96,0,0,0,0,0,0,0
2016-11,3,0,2,0,11,0,1,3,0,4,0,20,0,0,0,0,2,4,12,14,4,0,0,2,0,4,0,4,0,0,10,2,2,4,7,14,2,0,3,19,0,34,0,0,3,0,0,2,24,0,7,131,3,0,0,0,44,98,0,0,0,0,0,22,6,4,0,0,0,24,0,2,0,15,5,2,0,0,0,16,8,14,2,0,0,0,2,0,3,45,4,31,0,10,6,19,17,5,0,0,0,0,0,0,14,4,22,0,4,0,4,16,3,8,4,0,2,13,0,0,2,4,0,0,13,14,2,0,4,4,13,16,0,0,39,32,0,2,0,0,0,3,8,2,2,8,0,14,1,2,3,0,0,3,0,18,5,0,0,0,17,7,0,0,8,2,1,0,7,2,0,0,0,2,5,0,0,19,9,5,0,0,131,6,0,2,6,0,0,3,3,2,0,3,0,0,0,3,490,0,0,3,43,2,2,94,5,0,0,4,0,0,2,0,3,8,16,8,21,0,2,3,6,0,0,0,0,0,0,12,13,14,4,5,2,2,25,8,25,8,0,31,2,2,2,0,0,0,9,59,0,0,0,0,2,0,0,0,6,0,17,22,4,18,41,0,5,2,4,24,21,0,0,2,4,4,0,0,9,0,12,10,3,12,96,0,0,0,0,0,0,0
2016-12,3,0,2,0,11,0,1,3,0,4,0,22,0,0,0,0,2,4,12,14,4,0,0,2,0,4,0,4,0,0,10,2,2,4,7,14,2,0,3,19,0,38,0,0,3,0,0,2,24,0,7,131,3,0,0,0,46,99,0,0,0,0,0,24,6,4,0,0,0,24,0,2,0,15,5,2,0,0,0,16,8,14,2,0,0,0,2,0,3,45,4,31,0,10,6,21,17,5,0,0,0,0,0,0,14,4,20,0,4,0,4,16,3,8,4,0,2,15,0,0,2,4,0,0,13,14,2,0,4,4,13,16,0,0,42,38,0,2,0,0,0,3,8,2,2,8,0,14,1,2,3,0,0,3,0,18,5,0,2,0,17,7,0,0,8,2,1,0,7,2,0,0,0,2,5,0,0,19,9,5,0,0,131,6,0,2,6,0,0,3,3,2,0,23,0,0,0,3,490,0,0,3,43,2,2,94,5,0,0,4,0,0,2,0,3,8,16,9,21,0,2,3,6,0,0,0,0,0,0,12,13,14,4,5,2,2,25,8,25,8,0,41,2,2,2,0,0,0,9,61,0,0,0,0,2,0,0,0,6,0,17,22,4,18,47,0,5,2,4,24,21,0,0,2,4,4,0,0,9,0,12,10,3,12,102,0,0,0,0,0,0,0
2017-01,3,0,10,0,11,0,1,3,0,4,0,18,0,0,0,0,2,4,12,14,4,0,0,2,0,4,0,4,0,0,10,2,2,4,7,14,2,0,3,19,0,34,0,0,3,0,0,2,24,0,7,131,3,0,0,0,46,98,0,0,0,0,0,24,6,4,0,0,0,24,0,2,0,15,5,2,0,0,0,16,8,14,2,0,0,0,2,0,3,45,4,31,0,10,6,21,17,5,0,0,0,0,0,0,14,4,20,0,4,0,4,16,3,8,4,0,2,15,0,0,2,4,0,0,13,14,2,0,4,4,13,16,6,0,42,32,0,2,0,0,0,3,8,2,2,8,0,14,1,2,3,0,0,3,0,18,5,0,2,0,17,7,0,0,8,2,1,0,7,2,0,0,0,2,5,0,4,19,9,5,0,0,121,6,0,2,9,0,0,3,3,2,0,3,0,0,0,3,536,0,0,3,43,2,2,94,5,0,2,4,0,0,2,0,3,8,16,8,21,0,2,3,6,0,0,0,0,0,0,12,13,14,4,5,2,2,25,8,25,8,0,31,2,2,2,0,0,0,9,59,0,0,0,0,2,0,0,0,6,0,17,22,10,18,47,0,5,2,4,24,21,0,0,2,4,4,0,0,9,0,12,10,3,12,104,0,0,0,0,0,0,0
2017-02,3,0,10,8,11,0,1,3,0,4,0,18,0,0,0,0,2,4,12,14,4,0,0,2,0,4,0,4,0,0,10,2,2,4,7,14,2,0,3,19,0,34,0,0,3,0,0,2,24,0,7,131,3,0,0,0,46,162,0,0,0,0,0,24,6,4,0,0,0,24,0,2,0,15,5,2,0,0,0,16,8,14,2,3,0,0,2,0,3,45,4,31,0,10,6,21,17,5,0,0,0,0,0,0,14,4,20,0,4,0,4,16,3,8,4,0,2,15,0,0,2,4,0,14,15,14,4,0,4,4,13,16,6,0,42,32,0,2,0,0,0,3,8,2,2,8,0,14,1,2,3,0,0,3,0,18,5,0,2,0,17,7,0,0,8,2,1,0,13,2,0,0,0,2,5,0,4,19,9,5,0,0,121,6,0,2,9,0,0,3,3,2,0,3,0,0,0,3,536,0,0,3,43,2,2,94,5,0,2,4,0,0,2,0,3,8,16,8,21,0,2,3,6,0,0,0,0,0,0,12,13,14,4,5,2,2,25,12,25,8,0,31,2,2,2,0,0,0,9,59,0,0,0,0,2,0,0,0,6,0,17,22,10,18,47,0,5,2,4,24,21,0,0,2,4,4,0,0,9,0,12,10,3,12,104,0,0,0,0,0,0,0
2017-03,3,0,10,8,11,0,1,5,0,4,0,18,0,0,0,0,2,14,14,14,4,0,0,2,0,4,0,4,0,0,12,2,2,4,10,18,2,0,3,22,0,34,0,0,3,0,0,2,28,0,7,131,3,0,0,0,54,175,0,2,0,0,0,24,6,4,0,0,0,40,0,2,0,15,5,2,0,0,0,18,8,14,2,3,0,0,2,0,9,49,4,45,0,10,6,22,17,16,0,2,0,0,2,0,14,4,20,0,7,0,4,16,3,8,4,0,2,17,0,0,6,4,0,14,43,16,4,0,4,4,15,16,6,6,56,33,0,2,0,0,0,3,8,2,2,8,0,14,1,2,3,0,0,3,0,24,5,0,2,0,24,7,0,0,8,3,1,0,13,2,0,0,0,2,5,0,4,38,9,5,0,0,125,6,0,2,9,0,4,3,3,2,0,5,0,0,3,5,539,0,2,3,45,2,2,95,5,0,2,6,0,2,2,0,3,8,16,8,24,0,2,3,6,0,0,0,0,0,0,12,14,14,6,5,2,2,25,12,25,8,0,31,2,2,2,3,0,0,9,61,0,0,0,0,2,0,0,0,6,0,17,22,15,18,55,0,11,2,4,28,21,0,0,2,4,8,0,0,13,0,12,11,3,12,106,0,0,0,0,0,0,0
2017-04,3,3,10,12,11,0,1,5,0,4,0,18,0,0,0,2,34,14,14,14,4,0,0,2,0,4,0,4,0,0,12,2,2,4,10,18,2,0,3,22,0,38,0,10,3,0,0,2,28,0,7,132,3,0,1,0,55,179,0,2,0,0,0,24,6,8,0,0,1,44,0,2,0,15,7,2,0,0,0,18,8,14,2,3,0,0,2,1,9,51,4,45,0,10,6,24,17,16,0,2,0,0,2,0,14,4,21,0,7,0,7,16,3,9,4,0,2,17,8,0,6,4,0,14,45,16,4,0,4,4,15,16,6,6,56,33,0,5,0,0,0,3,8,2,2,8,0,15,1,2,4,0,0,3,0,26,9,0,2,0,24,7,0,0,8,3,1,0,16,2,0,0,0,2,5,0,4,38,9,7,0,24,131,6,0,2,13,0,4,3,3,2,0,24,0,2,3,5,548,0,9,3,52,2,2,95,5,0,2,6,0,7,2,0,3,8,16,8,24,0,2,3,6,0,0,11,0,0,0,15,14,14,8,7,2,2,25,12,27,8,0,37,2,2,2,3,0,0,9,61,0,0,3,0,2,0,0,2,8,0,17,22,15,34,55,0,11,2,4,28,22,0,0,2,4,8,0,0,13,0,12,11,3,12,106,0,0,0,0,0,0,0
2017-05,3,3,10,12,11,0,1,5,0,4,0,18,0,0,0,2,34,14,14,14,4,0,0,2,0,4,0,4,0,0,12,2,2,4,10,20,2,0,5,22,0,38,0,10,3,0,0,2,28,0,7,132,3,0,1,0,77,185,0,2,0,0,0,27,6,8,0,0,1,44,0,2,0,15,7,2,0,0,0,18,8,14,2,7,0,0,2,1,9,51,4,45,0,10,6,24,17,16,0,2,0,0,2,0,14,4,21,0,7,0,13,16,7,9,4,0,2,17,12,0,6,4,0,14,45,16,4,0,4,4,15,16,6,6,56,33,0,5,0,3,0,3,8,2,2,8,0,15,1,2,4,0,0,3,0,26,9,0,2,0,24,11,0,0,8,3,1,0,16,2,0,0,0,2,5,0,4,38,9,7,0,24,131,6,0,2,15,0,4,3,3,2,0,24,0,2,3,5,624,0,9,3,52,2,2,95,5,0,2,6,0,7,2,0,3,8,16,8,24,0,2,3,6,0,0,11,0,0,0,15,14,14,12,7,2,2,25,12,27,8,0,37,2,2,4,3,0,0,9,61,0,0,3,0,1,0,0,2,8,0,17,22,17,38,55,0,11,2,4,28,22,0,0,2,4,8,0,0,13,0,12,11,3,12,106,0,0,0,0,0,0,0
2017-06,3,3,10,12,11,0,1,9,0,4,0,18,0,0,0,2,34,26,14,14,4,0,0,2,0,6,0,4,0,0,12,2,2,4,10,24,2,0,5,22,0,38,0,10,5,0,0,2,28,0,7,132,3,0,1,0,77,185,0,2,0,0,0,27,6,8,0,0,1,44,0,2,0,15,7,2,0,0,0,18,8,14,2,7,0,0,2,1,9,51,4,45,0,21,6,24,17,22,0,2,0,0,2,0,14,4,21,0,7,0,13,16,7,9,4,0,2,17,16,0,6,4,0,16,69,16,4,4,4,4,15,16,6,6,56,33,0,5,0,3,0,3,8,2,2,8,0,15,1,2,4,1,0,3,0,37,9,0,2,0,24,11,0,26,8,3,1,0,16,2,0,0,0,2,5,0,4,38,9,7,0,24,131,6,0,2,23,0,4,3,3,2,0,24,0,2,3,5,628,0,9,3,52,2,2,95,5,0,2,6,0,7,2,0,3,8,16,8,24,0,2,3,6,0,0,11,0,0,0,15,14,14,12,7,2,2,25,12,27,8,0,37,2,2,4,3,0,0,9,61,0,0,7,0,1,0,0,2,8,0,17,22,19,40,55,0,15,2,4,28,22,0,0,2,4,8,0,0,25,0,12,11,3,12,108,0,0,0,0,0,0,0
2017-07,3,3,10,12,11,0,1,9,0,4,0,18,0,0,0,2,34,26,14,14,4,0,0,2,0,6,0,4,0,0,12,2,4,4,10,24,2,0,5,25,0,38,0,10,5,0,0,2,28,0,7,132,3,0,1,0,77,185,0,2,0,0,0,27,6,8,0,0,1,44,0,2,0,15,7,2,0,0,0,18,8,11,2,10,0,0,2,1,9,51,4,45,0,21,6,24,17,22,0,2,0,0,2,0,14,4,21,0,7,0,13,16,7,9,4,0,2,17,20,0,6,4,0,18,69,19,4,4,4,4,15,16,6,6,56,33,0,5,0,3,0,6,8,2,2,8,0,15,1,2,4,1,0,3,0,37,15,0,2,0,24,11,0,26,8,3,1,0,24,2,0,0,0,2,5,0,4,38,9,7,0,24,131,6,0,2,23,0,4,3,3,2,0,24,0,2,3,5,649,0,9,3,52,2,2,95,5,0,2,6,0,7,2,0,3,8,16,8,24,0,2,3,6,0,0,11,0,0,0,15,14,14,12,7,2,2,25,12,27,8,0,40,2,2,4,3,0,0,9,61,0,0,7,0,3,0,0,2,8,0,17,22,19,40,55,0,15,2,4,28,22,0,0,2,4,8,0,0,25,0,12,11,3,12,108,0,0,0,0,0,0,0
2017-08,3,3,10,12,11,0,1,9,0,4,0,18,0,0,0,2,34,26,14,17,4,0,0,2,0,6,0,4,0,1,12,2,4,4,10,24,2,0,5,25,0,38,0,10,5,0,0,2,28,0,7,132,3,0,1,0,77,185,0,2,0,0,0,27,6,8,0,1,10,44,0,2,0,15,8,2,0,0,0,19,8,11,2,10,0,2,2,4,9,51,4,45,0,21,6,24,17,22,0,2,0,0,2,0,14,4,21,0,7,0,13,16,7,9,4,0,2,17,20,0,6,4,0,18,79,19,4,4,6,4,19,18,7,6,56,37,0,5,0,3,0,6,8,2,2,8,0,15,1,2,4,1,0,3,1,37,15,0,2,0,24,11,0,26,8,3,1,0,24,3,0,0,0,2,5,0,4,38,9,7,0,24,139,6,0,2,23,0,4,3,8,2,0,24,0,2,3,5,649,0,10,4,52,2,2,95,5,0,2,6,0,7,2,0,3,8,16,8,24,0,2,3,6,0,0,11,0,0,0,15,14,14,12,7,2,2,25,16,30,8,0,40,2,2,4,3,0,0,9,61,0,0,7,1,3,0,0,2,8,0,17,22,19,40,55,0,15,2,4,33,22,0,0,2,4,20,0,0,25,0,12,11,3,16,118,0,0,0,1,0,0,0
2017-09,3,3,10,12,11,0,1,9,0,4,0,28,0,0,0,2,34,26,14,17,4,0,0,2,0,6,0,4,0,1,12,2,10,4,10,24,2,0,5,25,4,42,0,10,5,0,0,2,28,0,7,132,3,0,1,0,77,185,0,2,0,0,0,50,6,8,0,1,10,45,0,2,0,15,8,2,0,0,0,19,8,11,2,10,0,2,2,4,9,51,4,45,0,21,6,24,17,22,0,2,0,0,2,0,14,4,21,0,7,0,13,16,7,9,4,0,2,17,20,0,6,6,0,18,79,19,4,4,6,4,19,18,7,6,56,37,0,5,0,3,4,6,8,2,2,8,0,15,1,6,4,1,0,3,1,37,17,0,2,0,24,11,0,26,8,3,1,0,24,3,0,0,0,0,5,0,4,38,9,7,0,24,139,6,0,2,23,0,4,3,8,2,0,24,0,2,3,5,678,0,10,4,52,2,2,95,5,0,2,6,0,7,2,0,3,8,16,8,24,0,2,3,6,0,0,11,0,0,0,15,14,14,12,7,2,2,25,16,30,8,0,42,2,2,4,3,0,0,9,61,0,0,7,1,3,0,0,2,8,0,17,22,19,40,55,0,15,2,4,33,22,0,0,2,4,20,0,0,25,0,12,11,3,18,118,0,0,0,1,0,0,0
2017-10,3,3,10,12,11,0,1,9,4,4,0,28,0,0,0,2,34,26,14,17,4,0,0,2,4,6,0,14,0,1,12,2,10,4,10,24,2,0,5,25,4,50,0,14,5,0,0,2,28,0,7,132,3,0,1,0,77,186,0,2,0,0,0,50,6,8,0,1,10,45,0,2,0,15,8,2,0,0,0,19,8,24,12,10,0,2,2,4,9,55,4,45,0,21,6,24,17,22,0,2,0,0,2,0,14,4,21,0,7,0,13,18,7,9,4,0,2,17,20,0,6,8,0,18,79,19,4,4,6,4,21,18,7,6,56,43,0,5,0,3,4,6,8,2,2,8,0,15,1,6,4,1,0,3,1,37,17,0,2,0,24,11,0,26,8,3,1,0,24,3,0,0,0,0,5,0,4,38,9,7,0,24,139,6,0,2,23,0,4,3,8,2,0,44,0,2,3,5,694,0,10,4,52,2,2,95,5,0,2,6,0,11,2,0,3,8,16,9,24,0,2,3,6,0,0,11,0,0,0,15,14,14,12,7,2,2,25,16,30,8,0,52,2,2,4,3,0,0,9,63,0,12,7,1,3,0,2,2,8,0,17,28,21,40,63,0,15,2,4,33,22,0,0,2,4,20,0,0,29,0,12,72,3,18,120,0,0,0,1,0,0,0
2017-11,3,13,10,12,11,0,1,9,4,4,0,28,0,4,0,2,34,32,16,17,4,0,0,2,4,14,0,14,8,1,12,2,10,4,10,26,2,0,5,25,4,46,0,14,5,0,0,4,28,0,7,132,3,0,1,0,81,189,0,4,0,0,0,50,6,8,0,1,10,45,0,2,0,15,8,3,3,0,0,21,10,21,12,10,0,2,2,4,9,55,4,47,0,21,6,28,17,22,0,2,0,4,2,0,14,4,21,0,7,0,13,18,13,13,4,0,2,25,20,8,6,8,0,18,162,19,4,4,6,4,21,32,7,6,59,37,0,5,0,3,4,10,8,2,2,8,0,19,1,6,4,1,0,3,1,37,17,0,2,0,24,11,0,26,12,6,1,4,24,3,0,0,4,4,5,0,4,42,9,7,0,24,149,14,4,2,27,0,4,3,8,2,2,24,0,2,3,5,707,0,10,4,54,2,2,95,5,0,2,6,0,11,6,0,3,8,16,8,24,0,2,3,6,0,0,11,0,0,0,15,14,14,12,7,4,2,25,16,30,8,9,52,2,2,4,3,0,0,9,69,0,12,13,1,3,0,2,4,8,0,17,28,25,48,63,0,15,2,4,33,22,0,4,2,4,20,0,0,35,0,15,72,3,20,147,0,1,0,1,0,0,0
2017-12,3,13,10,12,14,0,1,9,4,4,0,40,0,4,0,2,34,34,26,20,4,0,0,2,4,16,0,14,8,1,18,2,10,4,10,28,2,0,5,31,4,46,0,14,5,0,0,4,30,0,7,136,3,0,1,0,83,191,0,4,0,0,0,50,6,8,0,1,10,47,0,2,0,15,8,3,3,0,0,24,10,21,12,10,0,2,2,4,11,55,4,47,0,21,6,27,17,22,0,2,0,4,2,0,14,6,21,0,9,6,13,24,13,13,4,0,2,25,22,8,6,8,0,18,164,19,4,4,6,4,27,34,7,6,66,36,0,5,0,3,4,10,8,2,2,8,0,19,1,6,4,1,0,3,5,36,17,0,2,0,24,11,0,26,12,5,1,4,24,3,0,0,4,4,5,0,4,42,9,7,0,28,149,14,4,4,27,0,4,3,8,2,2,33,0,2,3,5,760,0,14,4,66,2,2,94,5,0,2,6,0,11,6,0,3,8,18,8,42,0,2,3,6,0,0,13,0,0,0,15,13,14,16,7,6,2,29,16,30,8,9,62,2,8,4,3,0,0,9,74,0,12,13,1,3,0,2,4,8,0,17,28,31,46,63,0,17,2,4,33,34,0,6,2,4,20,0,0,35,0,13,71,6,20,147,0,7,2,1,0,0,0
2018-01,3,13,10,12,14,0,1,9,4,4,0,40,0,4,0,2,34,34,26,20,4,0,0,2,4,16,0,14,8,1,18,2,10,4,10,28,2,0,5,31,4,50,0,14,5,0,0,4,30,0,7,136,6,0,1,0,83,197,0,4,0,0,0,50,6,8,0,5,10,47,0,2,0,15,8,3,3,0,0,24,10,24,12,10,0,2,2,4,11,55,4,47,0,21,6,27,17,22,0,2,0,4,2,0,14,6,21,0,9,6,13,24,13,13,4,0,2,25,22,8,6,8,0,18,164,19,4,4,9,4,27,34,7,6,66,42,0,5,0,3,4,10,8,2,2,8,0,19,1,6,4,1,0,3,5,39,17,0,2,3,27,11,0,26,12,5,1,4,24,3,0,0,4,4,5,0,4,42,9,7,0,28,180,14,4,4,45,0,4,3,8,2,2,53,0,2,3,8,778,0,14,4,66,4,2,94,5,0,2,6,0,11,6,0,3,8,18,9,42,0,2,3,6,0,0,13,0,0,0,15,13,18,16,7,6,2,29,28,30,8,9,62,2,8,4,3,0,0,9,76,0,12,13,1,3,0,2,4,8,0,17,28,31,46,63,0,17,2,4,33,37,0,6,2,4,20,0,0,35,0,13,74,9,20,149,0,7,2,1,0,0,0
2018-02,3,13,10,12,14,0,1,13,4,4,0,40,0,4,0,2,34,34,26,20,4,0,0,2,4,16,0,14,8,1,18,2,10,4,10,28,2,0,5,31,4,46,0,14,5,0,0,4,30,0,7,136,6,0,1,0,83,194,0,4,0,0,0,50,6,8,0,5,10,47,0,2,0,15,8,3,3,0,0,24,10,21,12,10,0,2,2,4,11,55,4,47,0,21,6,27,17,22,0,2,0,4,2,0,14,6,21,0,9,6,13,24,13,13,4,0,2,25,22,8,6,8,0,18,164,19,8,4,9,4,27,34,7,6,66,36,0,5,0,3,4,10,8,2,2,8,0,19,1,6,4,1,0,3,5,39,17,0,2,3,27,11,0,26,12,5,1,4,24,3,0,0,4,4,5,0,4,42,9,7,0,28,180,14,4,4,45,0,4,3,8,2,2,33,0,2,3,8,801,0,14,4,66,4,2,94,5,0,2,6,0,11,6,0,3,8,18,8,42,0,2,3,6,0,0,13,0,0,0,15,13,18,16,7,6,2,29,28,30,8,9,62,2,8,4,3,0,0,9,74,0,12,13,1,3,0,2,4,8,0,17,28,31,46,63,0,17,2,4,33,37,0,6,2,4,20,0,0,35,0,13,74,9,20,149,0,7,2,1,0,0,0
2018-03,3,13,10,12,14,0,1,13,4,4,0,40,0,4,0,2,34,34,26,20,4,0,0,2,4,16,0,34,8,1,18,2,10,4,10,28,2,0,5,31,4,50,0,14,5,0,0,4,30,0,7,136,6,0,1,0,83,290,0,4,0,0,0,50,6,8,0,5,10,47,0,2,0,15,8,3,3,0,2,24,46,24,12,10,0,2,2,4,11,55,4,47,0,21,6,27,17,22,0,2,0,4,2,0,14,6,21,0,9,6,13,24,13,13,4,0,2,25,22,10,6,8,0,18,164,19,8,4,9,4,27,34,7,6,66,42,0,5,0,3,4,10,8,2,2,8,0,19,1,6,4,1,0,3,5,39,21,0,2,3,27,11,0,26,12,5,1,4,24,3,0,0,4,4,5,0,4,42,9,7,0,28,180,14,4,4,59,0,4,3,8,2,2,53,0,2,3,8,810,0,14,4,66,4,2,94,5,0,2,6,0,11,6,0,3,8,18,9,42,0,2,3,6,0,0,13,0,0,0,15,13,18,16,7,6,2,29,28,30,8,9,62,2,8,4,3,0,0,9,76,0,12,13,1,3,0,2,4,8,0,17,28,31,46,63,0,17,2,4,33,37,0,6,2,4,20,0,0,35,0,13,74,9,20,149,0,7,2,1,0,0,0
2018-04,3,13,10,12,14,0,1,13,4,4,0,40,0,4,0,2,34,34,26,20,4,0,0,2,4,16,0,34,8,1,18,2,10,4,10,28,2,0,5,31,4,50,0,14,5,0,0,4,30,0,7,136,6,0,1,0,83,290,0,4,0,0,0,50,6,8,0,5,10,47,0,2,0,15,8,3,3,0,2,24,46,24,12,10,0,2,2,4,11,55,4,47,0,21,6,27,17,22,0,2,0,4,2,0,14,6,21,0,13,6,13,24,13,13,4,0,2,25,22,10,6,8,0,18,164,19,8,4,9,4,27,34,7,6,66,42,0,5,0,3,4,10,8,2,2,8,0,19,1,6,4,1,0,3,5,39,21,0,2,3,27,11,0,26,12,5,1,4,24,3,0,0,4,4,5,0,4,42,9,7,0,28,220,14,4,4,59,0,4,3,8,2,2,53,0,2,3,8,810,0,14,4,66,4,2,94,5,0,2,6,0,11,9,0,3,8,18,9,42,0,2,3,6,0,0,13,0,0,0,15,27,18,16,7,6,2,29,31,30,8,9,70,2,8,4,3,0,0,9,76,0,12,13,1,3,0,2,4,8,0,17,28,31,46,63,0,17,2,4,33,37,0,6,2,4,20,0,0,35,0,13,74,9,20,149,0,7,2,1,0,0,0
2018-05,3,13,10,12,14,0,1,13,4,4,0,40,0,8,0,2,34,34,26,20,4,0,0,0,4,17,0,66,8,1,18,2,10,4,10,28,2,0,5,31,4,50,0,14,5,0,0,4,30,0,7,136,6,0,1,0,83,290,0,4,0,0,0,50,6,8,0,5,10,78,0,2,0,15,8,3,3,0,2,24,46,24,12,10,0,2,2,4,13,55,4,47,0,21,6,27,17,22,0,7,0,4,2,0,14,6,21,0,13,6,13,24,13,18,4,0,2,28,22,10,6,8,0,18,186,19,8,4,9,4,27,34,7,6,66,46,0,5,0,3,4,18,8,2,2,8,0,19,1,6,4,1,0,3,5,39,21,0,2,3,27,11,0,26,12,6,1,4,44,3,0,0,4,4,5,0,4,42,9,7,0,38,220,14,4,4,59,0,4,3,8,2,2,53,0,2,3,8,811,0,14,4,66,4,2,94,5,0,2,6,0,11,6,14,3,8,18,9,42,0,2,3,6,0,0,13,0,0,0,15,27,18,16,7,6,2,29,31,30,8,9,70,2,8,4,3,0,4,9,76,0,12,13,1,3,0,2,4,8,0,17,28,33,46,63,0,17,2,4,33,37,0,6,2,4,28,0,0,35,0,13,13,9,20,149,0,7,2,1,0,0,0
2018-06,3,13,10,12,14,0,1,13,4,4,0,40,0,8,0,2,34,34,26,20,4,0,0,0,4,17,0,66,8,1,18,2,10,4,10,66,2,0,5,31,4,50,0,14,5,0,0,4,30,0,7,136,6,0,1,0,83,374,0,4,0,0,0,50,6,8,0,5,10,78,0,2,0,15,8,3,3,0,2,22,46,24,12,10,0,2,2,4,13,55,4,47,0,21,6,61,41,22,0,7,0,4,2,0,14,6,21,0,13,6,13,24,13,18,4,0,2,25,22,10,6,8,0,18,186,19,8,4,9,4,27,34,7,6,66,46,0,5,0,3,4,18,8,2,2,8,0,19,1,6,4,1,0,3,5,39,21,0,2,3,27,11,4,29,12,6,1,4,44,3,0,0,4,4,5,0,4,42,9,7,0,38,220,14,4,4,59,0,4,3,8,4,2,53,0,2,3,8,811,0,14,5,66,4,2,94,5,0,2,6,0,11,6,14,3,8,18,9,42,0,2,3,6,0,0,13,0,0,0,15,27,18,16,7,6,2,29,31,30,8,9,70,2,8,4,3,0,4,9,76,4,12,13,1,3,0,2,4,8,0,17,28,33,46,63,0,17,2,4,33,37,0,6,2,4,28,0,0,35,0,13,13,9,20,153,0,7,2,1,0,0,0
2018-07,3,13,10,12,20,0,1,13,4,4,0,50,0,8,0,2,34,34,26,20,4,0,0,0,4,17,0,66,8,1,18,2,10,4,10,66,2,0,5,28,4,50,0,14,5,0,0,4,30,0,7,133,6,0,1,0,80,374,0,4,0,0,6,50,6,8,0,5,10,78,0,2,0,15,8,3,3,0,2,22,46,24,12,10,0,2,2,4,13,55,4,47,0,21,6,61,45,22,0,7,0,4,2,0,48,6,21,0,13,12,13,24,19,18,4,0,2,25,22,10,6,8,0,18,186,19,8,4,9,4,27,34,7,6,66,42,0,5,0,3,4,18,8,2,2,8,0,19,1,6,4,1,0,3,5,39,21,0,2,3,27,11,4,29,12,6,1,4,44,3,0,0,4,4,5,0,4,42,9,7,0,38,220,14,4,4,59,0,4,3,8,4,2,53,0,2,3,8,811,0,14,5,66,4,2,96,5,0,2,6,0,11,6,14,3,8,18,9,42,0,2,3,6,0,0,13,0,0,0,15,27,18,16,7,6,2,29,31,30,8,9,70,2,8,4,3,0,4,9,76,4,12,13,1,3,0,2,4,8,0,17,28,33,98,63,0,17,2,8,33,37,0,6,2,4,28,0,0,35,0,13,13,9,20,153,0,7,2,1,0,0,0
2018-08,3,13,10,12,20,0,1,13,4,4,0,50,0,8,0,2,34,34,26,20,4,0,0,0,4,17,0,66,8,1,18,2,10,4,10,66,2,2,5,28,4,50,0,14,5,0,0,4,30,0,7,130,6,0,1,0,80,374,0,4,0,0,6,50,6,8,0,7,10,78,0,2,0,15,8,3,3,0,2,22,46,24,12,10,0,2,2,4,13,55,4,47,0,21,6,61,45,22,0,7,0,4,2,0,48,6,21,0,13,12,13,24,19,18,4,0,2,25,22,10,6,8,0,18,188,19,8,4,9,4,27,34,7,6,66,42,0,5,0,3,4,18,8,2,2,8,0,19,1,6,4,1,0,3,5,39,21,0,2,3,27,11,4,29,12,6,1,4,44,3,0,0,4,4,5,0,4,42,9,7,0,38,220,14,4,4,59,0,4,3,8,4,2,64,0,4,3,8,827,0,14,5,66,4,2,96,5,0,2,6,0,11,6,14,3,8,18,9,42,0,2,3,6,0,0,13,24,0,0,15,33,69,16,7,6,2,29,31,30,8,9,70,2,8,4,3,0,4,9,76,4,12,13,1,3,0,2,4,8,0,17,28,33,98,63,0,17,2,8,33,37,0,6,2,4,28,0,0,35,0,13,13,9,20,153,0,7,2,1,0,0,0
2018-09,6,13,10,12,20,0,1,13,4,4,0,50,0,8,0,2,34,34,26,20,4,0,0,0,4,17,0,66,8,1,18,7,10,4,10,66,2,2,5,28,4,56,0,14,5,0,0,4,30,0,7,130,6,0,1,0,80,374,0,4,0,0,6,50,6,8,0,7,10,78,0,2,0,15,8,3,3,0,2,22,46,24,12,10,0,2,2,4,13,55,4,47,0,21,6,61,45,22,0,7,0,4,2,0,48,12,25,0,13,12,13,24,19,18,4,0,2,25,22,10,15,8,0,18,188,19,8,4,9,4,29,34,7,6,66,42,0,5,0,3,4,18,8,2,2,8,0,19,1,6,4,1,0,3,5,39,21,0,2,3,27,11,22,29,12,6,1,4,44,3,0,0,4,4,5,2,4,42,9,7,0,38,220,14,4,4,59,0,4,3,8,4,2,64,0,4,3,8,1002,0,14,5,66,4,2,96,5,0,2,6,0,11,6,14,3,8,18,9,42,0,2,3,6,0,0,13,29,0,0,15,33,89,16,7,9,2,29,47,30,8,9,70,2,8,4,3,0,4,9,76,4,12,13,1,3,0,2,4,8,0,17,28,33,98,63,0,17,2,8,33,37,0,6,2,4,28,0,0,35,0,13,13,9,20,151,0,7,2,1,0,0,0
2018-10,6,13,10,12,20,0,1,13,4,4,0,54,0,8,0,2,34,34,26,20,4,0,0,4,4,17,0,66,8,1,18,7,10,4,10,66,2,2,5,28,4,60,0,14,5,0,0,4,33,0,7,130,6,0,1,0,80,374,0,4,0,0,6,50,6,8,0,7,10,78,0,2,0,15,8,3,3,0,2,32,46,24,12,10,0,2,2,4,13,55,4,47,0,21,6,61,45,22,0,7,0,4,2,0,48,12,29,0,13,12,13,24,19,18,4,0,2,25,22,10,15,8,0,18,188,19,8,4,9,4,29,34,7,6,66,42,0,5,0,3,4,18,8,2,2,8,0,19,1,6,4,1,0,3,5,39,21,0,2,3,27,11,22,29,12,7,1,4,44,3,0,0,4,4,5,4,4,42,9,7,0,38,220,14,4,4,59,0,4,3,8,4,2,64,0,4,3,8,1002,0,14,5,66,10,2,96,5,0,2,6,0,11,6,14,3,8,18,9,42,0,2,3,6,0,0,13,29,0,0,15,33,89,16,7,9,2,29,53,30,8,9,70,2,8,4,3,0,4,9,76,4,12,13,1,3,0,2,4,8,0,17,28,33,98,63,0,17,2,8,39,37,0,6,2,4,28,0,0,35,0,13,25,9,20,184,0,7,2,1,0,0,0
2018-11,6,13,10,12,20,0,1,13,4,4,0,54,0,8,0,2,34,34,26,20,4,0,0,5,4,17,0,66,8,1,18,7,10,4,10,66,2,2,5,28,4,60,0,14,5,0,0,4,33,0,7,134,22,0,1,0,80,470,0,6,0,0,6,50,6,8,0,7,10,88,0,2,0,15,8,3,3,0,2,36,46,24,12,10,0,2,2,4,13,55,4,47,0,21,6,61,47,22,0,7,0,4,2,0,48,12,29,0,13,12,13,24,19,30,4,0,2,25,22,10,15,8,0,19,188,19,8,4,9,4,43,34,7,6,66,42,0,5,0,3,4,18,6,2,2,8,0,15,1,6,4,1,0,3,5,47,21,0,2,3,37,11,22,29,12,7,1,4,44,3,0,0,4,4,5,6,4,42,9,7,0,58,220,14,4,4,59,0,4,3,8,4,2,64,0,4,3,16,1002,0,14,25,66,12,2,96,5,0,2,6,0,11,6,14,3,8,18,9,42,0,2,3,6,0,0,13,37,0,0,15,33,89,16,7,9,2,29,53,30,6,9,70,2,8,4,3,0,4,9,76,4,12,13,1,3,0,2,4,8,0,17,28,33,98,63,0,17,2,6,49,37,0,6,2,4,28,0,0,35,0,13,25,9,20,186,0,7,2,1,0,0,0
2018-12,6,13,10,12,20,0,1,13,4,4,0,54,0,8,2,2,34,34,26,20,4,0,0,7,12,17,0,69,8,1,18,7,10,4,18,66,2,2,5,38,4,58,0,14,5,0,2,4,33,0,7,138,22,0,1,0,80,470,0,6,0,0,6,50,8,8,0,7,10,88,4,2,0,15,8,10,3,0,2,36,46,27,12,12,5,2,2,4,13,55,4,47,0,25,6,61,51,22,0,7,0,4,2,0,73,12,31,0,13,12,13,30,19,30,7,0,2,25,22,10,15,8,0,19,188,19,8,4,12,4,45,34,7,6,209,42,0,5,0,3,4,18,6,2,2,8,0,15,1,6,10,1,0,3,5,47,23,0,2,3,43,11,22,29,12,7,1,4,58,3,0,0,4,16,5,6,4,42,9,7,0,58,220,20,4,4,59,0,6,3,8,4,5,64,0,4,3,16,1034,0,14,25,69,12,2,96,5,0,2,10,0,11,6,14,3,8,26,9,42,0,2,3,6,0,0,13,37,0,0,15,42,89,16,7,9,2,29,53,30,6,9,70,2,8,4,3,0,4,9,79,4,18,13,1,3,0,2,4,8,0,17,28,33,98,63,0,24,2,6,91,37,0,6,2,4,28,0,0,35,0,13,37,9,20,186,0,7,2,1,0,0,0
2019-01,6,13,10,12,20,0,1,21,4,4,0,54,0,8,2,2,39,42,26,26,4,0,0,7,12,17,0,69,8,1,18,7,10,4,18,86,2,2,5,42,4,66,0,14,5,0,2,4,33,0,7,138,22,0,1,0,80,474,0,6,0,0,6,56,8,8,0,7,10,110,4,2,0,21,8,18,3,0,2,36,46,27,12,12,5,2,2,4,15,70,4,53,0,25,6,63,57,28,0,7,0,4,2,0,87,12,31,0,13,12,17,30,19,30,18,5,2,29,22,10,15,8,0,19,218,19,8,4,12,10,51,42,7,8,217,42,0,5,0,3,4,18,6,2,2,7,0,25,1,6,10,7,0,3,5,49,23,0,2,3,49,11,22,29,16,11,1,4,67,3,0,0,4,16,5,6,4,49,9,7,0,58,220,23,4,4,59,0,6,3,8,4,5,64,0,4,9,16,1046,0,14,49,70,12,5,122,5,0,2,13,0,11,6,14,3,8,29,14,42,0,2,3,6,0,0,13,37,0,0,15,48,89,16,7,10,2,29,53,40,12,9,79,2,8,4,3,0,4,9,79,4,40,13,1,3,0,2,4,12,0,21,28,36,104,81,0,24,2,6,99,37,0,6,2,4,28,0,0,59,0,13,49,9,20,202,0,7,2,1,0,0,0
2019-02,9,13,10,12,20,3,1,21,4,4,0,54,0,8,2,2,39,42,26,26,4,0,0,7,12,20,0,69,8,1,18,7,10,4,18,86,2,2,5,71,4,68,0,14,5,0,2,4,33,0,7,138,22,0,1,0,80,751,0,8,0,0,6,56,8,8,0,7,10,110,4,2,0,35,11,18,3,0,2,36,46,28,15,9,5,2,11,4,15,76,4,53,0,25,6,63,57,28,0,7,0,4,2,0,89,12,31,0,12,12,17,30,19,30,18,5,2,25,22,10,15,8,0,19,221,19,8,4,9,10,51,115,7,8,224,44,0,5,0,3,4,18,9,5,2,5,0,25,1,6,10,7,0,3,5,55,23,0,4,3,50,11,22,33,16,7,32,4,67,3,0,0,4,23,25,6,4,49,13,7,0,62,220,23,11,4,59,0,6,43,8,4,5,64,0,4,9,16,1065,0,14,49,70,12,5,106,5,0,2,13,0,11,6,14,3,8,29,14,42,0,2,3,6,0,4,13,44,0,0,15,48,89,16,7,10,4,63,53,40,12,9,78,2,8,4,3,0,4,9,76,4,59,13,1,3,0,2,4,12,0,21,28,36,120,81,0,24,2,6,103,39,0,6,2,4,28,0,0,59,0,13,49,6,30,206,0,7,2,1,0,0,0
2019-03,9,13,10,12,20,3,1,21,4,4,0,54,0,4,2,2,39,42,26,26,4,0,0,7,12,20,0,69,8,1,18,7,10,4,18,84,2,2,5,71,4,68,0,14,5,0,2,4,27,0,7,138,22,0,1,0,80,773,0,8,0,0,6,56,8,8,0,7,10,110,4,2,0,35,11,18,3,0,2,36,46,28,15,9,5,2,11,4,15,76,4,53,0,25,6,63,57,28,0,7,0,4,2,0,89,12,31,0,12,12,17,30,19,36,18,5,2,25,22,10,15,8,0,19,217,31,8,4,9,10,51,115,7,8,226,44,0,5,0,9,4,18,9,5,2,5,0,25,1,8,10,7,0,3,5,55,23,0,4,3,47,11,26,33,16,7,32,4,65,3,0,0,4,23,25,6,4,46,13,7,0,62,220,23,11,4,59,0,6,43,8,4,5,64,0,4,9,16,1065,0,14,49,70,12,5,104,5,0,2,13,0,11,6,14,3,8,29,14,42,0,2,3,6,0,4,13,44,0,0,15,48,89,16,7,10,4,63,53,40,12,9,78,2,8,4,3,0,4,9,76,4,59,13,1,3,0,2,4,12,0,21,28,36,132,81,0,24,2,6,103,39,0,6,2,4,28,0,0,59,0,13,59,6,30,206,0,7,2,1,0,0,0
2019-04,9,13,10,12,20,3,1,21,4,4,0,54,0,4,2,2,40,42,26,26,4,0,0,7,12,20,0,69,8,1,18,7,10,4,18,84,2,2,5,71,4,68,0,14,5,0,2,4,33,0,7,138,22,0,1,0,86,773,0,8,0,0,6,56,8,8,0,7,10,110,4,2,0,35,11,18,3,0,2,36,46,28,15,9,5,2,11,4,15,76,4,53,0,25,6,63,57,28,0,7,0,4,2,0,89,12,31,0,12,12,17,30,19,42,18,5,2,25,22,10,15,8,0,19,223,31,8,4,9,10,51,119,7,8,229,44,0,5,0,9,4,18,9,5,2,5,0,25,1,8,10,7,0,3,5,61,23,0,4,3,47,11,26,33,16,7,32,4,65,3,0,0,4,23,25,6,4,46,13,7,0,62,220,23,11,4,59,0,6,43,8,4,5,64,0,4,3,16,1065,0,14,49,70,12,5,104,5,0,2,13,0,11,6,14,3,8,35,14,42,0,5,3,6,0,4,13,47,0,0,15,48,89,16,7,10,4,63,53,48,12,9,78,2,8,4,3,0,4,9,76,4,59,13,1,3,0,2,4,12,0,21,28,36,132,81,0,24,2,6,103,39,0,6,2,4,28,0,0,59,0,13,67,6,30,206,0,7,2,1,0,0,0
2019-05,9,13,10,12,20,3,1,21,4,4,0,49,0,4,2,2,40,42,26,26,4,0,0,7,12,20,0,69,8,1,18,7,10,4,18,84,2,2,5,71,4,68,0,14,5,0,2,4,33,0,7,148,22,0,1,0,86,773,0,8,0,0,6,56,8,8,0,7,10,110,4,2,0,35,11,18,3,0,2,36,46,28,15,9,5,2,11,4,15,76,4,53,0,25,6,63,57,28,0,7,0,4,2,0,89,12,31,0,12,12,17,30,19,42,18,5,2,25,22,10,15,8,0,19,223,31,8,4,9,10,51,119,7,8,229,44,0,5,0,9,4,18,9,5,2,5,0,25,1,8,10,7,0,3,5,61,31,0,4,3,47,11,26,33,16,7,32,4,65,3,0,0,4,23,25,6,4,46,13,7,0,62,220,23,11,4,59,0,6,43,8,6,5,64,0,4,3,16,1065,0,14,49,70,12,5,104,5,0,2,13,0,11,6,14,3,8,35,14,42,0,5,3,6,0,4,13,47,0,0,15,48,103,16,7,10,4,63,53,48,20,9,78,2,8,4,3,0,4,9,76,4,59,13,1,3,0,2,4,12,0,21,28,36,132,81,0,24,2,6,103,39,0,6,2,4,28,0,0,59,0,13,67,6,30,206,0,7,2,1,0,0,0
2019-06,9,13,10,12,20,3,1,21,4,4,0,49,0,8,2,2,40,42,26,26,4,0,0,7,12,20,0,69,8,1,18,7,10,4,18,84,2,2,5,71,4,68,0,14,5,0,2,4,33,0,7,148,22,0,1,0,86,774,0,8,0,0,6,56,8,8,0,7,10,110,4,2,0,35,11,18,3,0,2,36,46,28,15,9,5,2,11,4,15,76,4,53,0,25,6,63,57,28,0,7,0,4,2,0,89,12,31,0,12,12,17,30,19,42,18,5,2,25,22,10,15,8,0,19,225,31,8,4,9,10,51,119,7,8,223,44,0,5,0,9,4,22,9,5,2,5,0,25,1,8,10,7,0,3,5,61,31,0,4,3,47,11,26,33,16,7,32,4,65,3,0,0,4,23,25,6,4,46,13,7,0,62,220,23,11,4,59,0,6,43,8,6,5,64,0,4,3,16,1065,0,14,49,70,12,5,104,5,0,2,13,0,11,6,14,3,8,35,14,42,0,5,3,6,0,4,13,47,0,0,15,48,103,16,7,10,4,63,53,48,24,9,78,2,8,4,3,0,4,9,76,4,59,13,1,3,0,2,4,12,0,29,28,36,132,81,0,24,2,6,103,39,0,6,2,4,28,0,0,59,0,13,67,6,30,206,0,7,2,1,0,0,0
2019-07,9,13,10,12,20,3,1,21,4,4,0,49,0,8,2,2,40,42,26,26,4,0,0,7,12,20,0,69,8,1,18,7,10,4,18,84,2,2,5,71,4,68,0,14,5,0,2,4,33,0,7,148,22,0,1,0,86,774,0,8,0,0,6,56,8,8,0,7,10,110,4,2,0,35,11,18,3,0,2,36,46,28,18,9,5,2,11,4,15,76,4,53,0,25,6,63,57,28,0,7,0,10,2,0,89,12,31,0,57,12,17,34,19,49,18,5,2,25,22,10,15,8,0,19,225,31,8,4,9,10,51,123,7,8,263,44,0,5,0,9,4,22,9,5,2,5,0,25,1,8,10,7,0,3,5,61,31,0,4,3,47,11,26,33,16,7,32,4,65,3,0,0,4,23,25,6,4,46,13,7,0,62,220,23,11,4,59,0,6,43,8,6,9,64,0,4,3,16,1117,0,14,49,73,12,5,104,5,0,2,13,0,11,6,14,3,8,35,14,42,0,5,3,6,0,4,13,47,0,0,15,42,103,16,7,10,4,63,53,48,24,9,82,2,8,4,3,0,4,9,80,4,61,13,1,3,0,2,4,12,0,29,28,36,132,81,0,24,2,6,103,39,0,6,2,4,28,0,0,59,0,13,67,6,30,206,0,7,2,1,0,0,0
2019-08,9,13,10,12,20,3,1,21,4,4,0,49,0,8,2,2,40,42,26,42,4,0,0,7,12,20,0,79,8,1,22,7,10,4,18,84,2,2,5,71,4,68,0,14,5,0,2,4,33,0,7,148,22,0,1,0,86,787,0,8,0,0,6,56,8,12,0,7,10,182,4,2,0,35,11,18,3,0,2,36,46,28,18,45,5,2,11,4,15,76,4,53,0,25,6,63,57,28,0,7,0,10,2,0,89,12,31,0,57,12,17,38,19,49,18,5,2,25,22,10,15,8,0,19,227,31,8,4,9,10,51,129,7,8,282,44,0,5,0,9,5,22,9,5,2,5,0,33,1,8,110,7,0,3,5,61,31,0,4,3,51,11,26,33,16,7,32,4,65,3,0,0,4,23,25,6,4,46,13,7,0,62,220,23,11,4,59,0,6,43,8,6,9,69,0,4,3,16,1305,0,14,49,73,12,5,104,5,0,2,13,0,11,6,14,3,24,35,14,42,0,5,3,6,0,4,13,47,0,0,15,42,103,16,7,10,4,63,53,48,28,9,82,2,8,4,3,0,4,9,80,4,61,13,1,3,0,2,4,12,0,29,28,36,132,81,0,24,3,6,103,43,0,6,2,4,28,0,0,59,0,13,67,6,30,206,0,7,2,1,0,0,0
2019-09,9,13,10,12,20,3,1,21,4,4,0,49,0,8,2,2,40,42,26,42,4,0,0,7,12,20,0,79,8,1,22,7,10,4,18,84,2,2,5,71,4,68,0,14,5,0,2,4,33,0,7,148,22,0,1,0,86,797,0,8,0,0,6,56,8,16,0,7,10,182,4,2,0,35,11,18,3,0,2,36,46,28,18,45,5,2,11,4,15,76,7,53,0,25,6,63,57,28,0,7,0,10,2,0,89,12,31,0,57,12,17,38,19,49,18,5,2,25,22,10,15,8,0,19,227,31,8,4,9,10,51,129,7,8,282,44,0,5,0,9,7,22,9,5,2,5,0,33,1,8,110,7,0,3,5,61,31,0,4,3,51,11,26,33,16,7,32,4,65,3,0,0,4,23,25,6,4,46,13,7,0,62,220,23,11,4,59,0,6,43,8,6,9,69,0,4,3,16,1355,0,14,49,73,12,5,104,5,0,2,13,0,11,6,14,3,24,35,14,42,0,5,3,6,0,4,13,47,0,0,15,42,103,16,7,10,4,63,53,48,28,9,82,2,8,4,3,0,4,9,80,4,61,13,1,3,0,2,4,12,0,29,28,36,132,81,0,24,5,6,103,43,0,6,2,4,28,0,0,59,0,13,67,6,30,206,0,7,2,1,0,0,0
2019-10,9,13,12,12,20,3,1,21,4,4,0,49,0,8,2,2,40,42,26,44,4,0,0,6,12,20,0,79,8,1,22,7,10,4,18,84,3,2,5,76,4,68,0,14,5,0,2,4,33,0,7,148,22,0,1,0,86,815,0,8,0,10,6,66,8,16,0,7,10,182,4,2,0,35,11,18,3,0,2,36,46,28,18,45,5,2,11,4,15,76,7,53,0,25,6,63,61,29,0,7,0,10,2,0,89,22,31,0,57,12,17,38,19,49,18,5,2,25,22,10,15,11,0,19,227,31,8,4,9,10,51,129,7,8,291,44,0,5,0,9,7,22,9,6,2,5,0,33,1,8,110,7,0,3,5,61,31,0,4,3,52,11,26,33,16,7,32,4,65,3,0,0,4,23,26,6,6,46,13,7,0,63,220,23,13,4,59,0,6,43,8,6,9,69,0,4,3,16,1488,0,14,49,73,12,5,104,5,0,2,13,0,11,6,14,3,24,35,14,42,0,5,3,6,0,4,13,47,0,0,15,54,103,16,7,10,4,63,55,48,28,9,82,2,8,4,3,0,4,9,83,4,61,15,1,3,0,2,4,12,0,29,28,37,132,81,0,24,5,6,105,43,0,6,2,4,28,0,0,59,0,13,68,6,30,204,0,7,2,1,0,0,0
2019-11,9,13,12,12,20,3,1,21,4,4,0,49,0,8,2,2,40,42,30,44,4,0,0,6,12,20,0,79,8,1,19,7,10,4,22,84,3,2,5,76,4,68,0,14,5,0,2,4,37,0,7,148,22,0,1,0,86,847,0,8,4,14,6,66,8,16,0,7,14,182,4,2,0,36,11,18,3,0,2,36,56,28,18,49,5,2,11,4,15,78,7,53,0,25,6,63,65,29,0,7,0,10,2,0,89,22,31,0,57,12,17,38,19,49,18,5,2,25,22,10,15,11,0,19,237,31,12,4,9,10,53,129,7,8,304,44,0,5,0,9,7,26,9,6,2,5,0,39,1,8,110,7,0,3,5,61,31,0,4,3,52,11,26,33,16,7,32,4,65,3,0,0,4,23,26,6,6,46,13,7,0,63,256,23,13,4,59,0,6,43,8,6,9,69,0,4,3,20,1500,0,14,49,77,12,5,104,5,0,2,13,0,11,6,14,3,24,37,14,42,0,5,3,6,0,4,13,47,0,0,15,54,103,16,7,10,4,63,55,51,32,9,86,2,8,4,3,0,4,9,87,4,61,15,1,3,0,2,4,12,0,29,32,37,132,81,0,24,5,6,105,43,0,6,2,4,28,0,0,59,0,13,68,6,30,208,0,7,2,1,0,0,0
2019-12,9,13,12,12,20,3,1,21,4,4,0,49,0,8,2,2,44,42,30,44,4,0,0,6,12,20,0,79,8,1,19,7,10,4,22,84,3,2,5,76,4,68,0,14,5,0,2,4,37,0,7,148,22,0,1,0,86,847,0,8,4,14,6,66,8,8,0,7,16,182,4,2,0,36,11,18,3,0,2,39,56,28,18,49,5,2,11,4,15,78,7,53,0,25,6,63,65,29,0,7,0,10,2,0,93,22,31,0,57,12,17,38,19,49,18,5,2,25,22,10,17,11,0,19,237,31,12,4,13,10,53,129,7,8,304,44,0,5,0,9,7,26,9,6,2,5,0,39,13,11,110,7,0,3,5,65,31,0,4,7,52,11,26,37,16,7,32,4,69,3,0,0,4,23,26,6,6,46,13,7,0,63,346,23,13,4,59,0,6,43,10,6,9,69,0,8,3,20,1500,0,14,49,77,12,5,104,5,0,2,13,0,11,6,14,3,24,37,14,42,0,5,3,6,0,4,13,47,0,0,15,54,103,16,7,10,4,63,55,73,32,9,91,2,8,4,3,0,4,9,87,4,61,15,1,3,0,2,4,12,0,29,32,37,132,81,0,24,5,6,105,43,0,6,0,4,28,0,2,63,0,17,72,6,30,208,0,7,2,1,0,0,0
2020-01,9,13,12,12,20,3,5,21,4,4,0,49,0,8,2,2,48,42,30,44,4,0,4,6,12,20,0,79,8,1,19,7,10,4,22,84,3,2,5,76,4,68,0,14,7,0,2,4,37,0,7,148,22,0,1,2,86,847,0,8,4,14,6,66,8,8,0,7,16,186,4,2,0,39,15,18,3,0,2,39,56,28,18,49,5,2,11,4,15,78,15,53,0,25,6,63,65,29,0,7,0,10,2,0,93,22,31,0,57,12,17,38,19,49,22,5,2,25,22,10,17,11,0,19,252,31,12,4,13,10,55,129,19,8,304,44,0,5,0,9,7,26,9,6,2,5,0,43,13,11,110,7,0,3,5,81,31,0,4,7,52,11,26,37,16,7,32,4,69,3,0,0,4,23,26,6,6,46,13,7,0,63,346,23,13,4,67,0,6,43,10,10,9,72,0,8,3,20,1500,0,22,55,77,12,5,104,5,0,2,13,0,11,6,14,3,24,37,14,42,0,5,3,6,0,4,13,47,0,0,15,54,103,16,7,10,4,63,55,73,32,9,91,2,8,4,3,0,4,12,87,4,61,15,1,3,4,2,4,12,0,29,32,37,132,81,0,24,5,6,105,43,0,6,0,4,30,0,2,63,0,17,72,6,30,204,0,7,2,1,0,0,0
2020-02,9,13,12,12,20,3,5,21,4,4,0,49,0,8,2,2,48,42,30,120,4,0,4,6,12,20,1,79,8,1,19,7,10,4,22,84,3,2,5,76,4,68,0,14,7,0,2,4,37,0,7,148,22,0,1,2,86,922,0,8,4,14,6,66,8,8,0,7,16,186,4,2,0,39,15,18,3,0,2,47,56,28,18,49,5,2,11,4,15,78,15,53,0,25,6,63,65,29,0,7,0,10,2,0,93,22,31,0,57,12,17,38,19,49,22,5,2,25,22,10,17,11,0,19,252,31,12,4,13,10,55,129,19,8,319,44,0,5,0,9,11,26,9,6,2,5,0,43,13,11,136,7,0,3,5,81,33,0,4,7,52,11,26,37,16,7,32,4,69,3,0,0,4,23,26,7,6,46,13,7,0,63,346,23,13,4,67,0,6,43,10,10,9,72,0,8,3,20,1584,0,22,55,77,12,5,104,5,0,2,13,0,11,6,14,3,24,37,14,42,0,5,3,6,0,4,13,47,0,0,15,54,103,16,7,10,4,63,59,85,32,9,105,2,8,4,3,0,4,12,87,4,61,15,1,3,4,2,4,12,0,29,32,37,132,81,0,24,5,6,113,43,0,6,0,4,30,0,2,75,0,17,72,6,30,204,0,7,2,1,0,0,0
2020-03,9,13,12,12,20,3,7,21,4,4,0,49,0,8,2,2,48,42,30,122,4,0,4,6,12,20,1,81,8,1,19,7,10,10,22,84,3,2,5,76,4,70,0,14,7,0,2,4,37,0,7,150,26,0,1,6,86,922,0,8,4,14,6,66,8,8,0,7,16,188,4,2,0,45,15,18,3,0,2,47,56,28,18,49,5,2,11,4,15,77,17,53,0,25,6,63,65,29,0,7,0,10,2,0,93,22,31,0,57,12,17,38,19,49,22,8,2,25,22,10,17,11,0,19,252,33,12,4,13,10,68,131,19,8,329,48,0,5,0,9,11,26,9,6,2,5,0,43,13,11,136,7,0,3,5,83,47,0,4,7,52,11,26,37,16,7,32,4,69,3,0,0,4,23,36,7,6,46,13,7,0,63,346,23,13,4,67,0,6,43,28,10,11,72,4,8,3,20,1596,0,22,55,93,12,5,104,5,0,2,13,0,11,6,14,3,24,37,14,42,0,5,3,6,0,4,13,47,0,0,15,54,103,16,7,23,4,63,59,85,38,9,105,2,8,4,3,0,4,12,87,4,61,15,1,3,4,2,4,12,0,29,32,37,140,81,0,24,5,6,117,43,0,6,0,4,30,0,2,75,0,17,74,6,30,204,12,7,2,1,0,0,0
2020-04,9,13,12,12,20,3,7,21,4,4,0,49,0,8,2,2,48,42,30,134,4,0,4,6,12,20,1,81,8,1,19,7,10,10,22,84,3,2,5,76,4,70,0,14,7,0,2,4,37,0,7,150,26,0,1,6,86,926,0,8,4,14,6,66,8,8,0,7,16,194,4,2,0,45,15,18,3,0,2,47,56,28,18,49,5,2,11,4,15,81,17,53,0,25,6,63,99,29,0,7,0,10,2,0,93,22,31,0,57,12,17,39,19,49,22,8,2,25,22,13,17,11,0,29,252,33,12,4,13,10,68,131,19,8,337,48,4,5,0,9,11,26,9,6,2,5,0,43,13,11,136,7,0,3,5,99,47,0,4,7,52,11,26,37,16,7,32,4,69,3,0,0,4,23,36,7,6,46,13,7,0,63,346,23,13,4,67,0,6,43,32,10,11,72,4,8,3,20,1596,0,22,59,93,12,5,104,5,0,2,13,0,11,6,14,3,24,37,14,42,0,5,3,6,0,4,13,47,0,0,15,54,103,16,7,23,4,63,59,85,42,9,105,2,8,4,3,0,4,12,87,4,61,15,1,3,4,2,4,12,20,29,32,39,140,81,0,28,5,6,117,43,0,6,0,4,30,0,2,79,0,17,74,6,30,208,12,7,2,1,0,0,0
2020-05,9,13,12,12,20,3,7,21,4,4,0,49,0,8,2,2,48,42,30,134,4,0,4,6,12,28,1,85,8,1,19,7,10,10,22,84,3,2,5,76,4,70,0,14,7,0,2,4,37,0,7,150,26,0,1,4,86,940,0,8,4,14,6,69,8,8,0,7,16,194,4,2,0,45,15,18,3,0,2,63,56,28,18,49,5,2,11,4,15,81,17,53,0,25,6,63,99,29,0,7,2,10,2,0,93,22,35,0,57,12,17,39,19,49,22,8,2,37,22,13,17,15,0,29,282,33,12,4,13,10,68,131,19,8,337,48,4,5,0,9,11,26,9,6,2,5,0,43,13,11,136,7,0,3,5,105,47,0,4,7,52,11,26,37,16,7,32,4,69,3,0,0,4,23,36,7,6,46,13,15,0,63,346,23,13,4,67,0,6,47,32,10,17,72,4,8,3,20,1652,0,22,59,93,12,5,108,5,0,2,13,0,11,6,14,3,24,37,14,42,0,5,7,12,0,4,13,47,0,0,15,54,103,16,7,23,4,79,59,85,42,9,105,2,8,4,3,0,4,12,83,4,61,15,1,3,4,2,4,14,20,29,36,39,140,81,0,32,5,6,117,43,0,6,0,4,30,0,2,85,0,17,74,6,30,208,12,7,2,1,0,0,0
2020-06,9,19,12,12,20,3,7,21,4,4,0,49,0,8,2,2,44,42,30,134,4,0,4,6,12,28,1,85,8,1,19,7,10,10,22,84,3,2,5,76,4,70,0,14,7,0,2,4,37,0,7,150,26,0,1,4,86,940,0,8,4,12,6,69,8,8,0,7,16,194,4,10,0,45,15,18,3,0,2,63,56,28,18,49,5,2,11,4,15,81,17,53,0,25,6,63,99,29,0,7,2,10,2,0,93,22,35,0,57,12,17,39,19,49,22,8,2,37,22,13,17,15,0,29,284,33,12,4,13,10,68,167,23,8,337,48,4,5,0,9,11,26,9,6,2,5,0,43,13,11,136,7,0,3,5,105,47,0,4,7,52,11,26,37,16,7,32,4,69,3,0,0,4,23,36,7,8,50,13,15,0,63,346,23,13,4,75,0,6,47,54,10,17,76,4,8,3,20,1660,0,25,59,93,12,5,108,5,0,2,13,0,11,6,14,3,24,37,14,42,0,5,7,12,0,4,13,47,0,0,15,54,103,16,7,23,4,85,59,89,46,9,105,2,8,4,3,0,4,12,83,4,61,15,1,3,4,2,4,14,20,29,36,39,140,81,0,32,5,6,121,43,0,6,0,4,30,0,2,85,0,17,74,6,46,208,22,7,2,1,0,0,0
2020-07,9,19,12,12,20,3,7,21,4,4,0,49,0,8,2,2,44,42,30,134,4,0,4,6,12,28,1,85,8,1,35,7,10,10,22,84,3,2,5,76,4,70,0,14,7,0,2,4,37,0,7,150,26,0,1,4,86,951,0,8,4,12,6,69,8,8,0,7,16,194,4,10,0,45,15,18,3,0,2,63,56,28,18,49,5,2,11,4,15,81,17,57,0,25,6,63,99,29,0,7,2,10,2,0,93,22,35,0,57,12,17,39,19,47,22,8,2,37,22,13,21,15,0,29,284,33,12,4,13,10,68,171,23,8,341,48,4,5,2,9,11,26,9,10,2,5,0,43,13,11,136,7,0,3,5,105,47,0,4,7,52,11,26,37,16,7,32,4,69,3,0,0,4,23,36,7,8,50,13,15,0,63,346,23,13,4,75,0,6,47,54,10,17,76,4,8,3,20,1697,0,25,59,97,12,5,108,5,0,2,13,0,11,6,14,7,24,37,14,42,0,5,7,12,0,4,13,47,0,0,15,54,103,16,7,47,4,97,59,89,46,9,105,2,8,4,3,0,4,12,83,4,61,15,1,3,4,2,4,14,20,29,36,39,140,81,0,32,5,6,121,53,0,6,0,4,30,0,2,85,0,17,74,6,46,208,22,7,2,1,0,0,0
2020-08,9,19,12,12,20,3,9,21,4,4,0,49,0,8,2,2,44,42,30,134,4,0,4,6,12,28,1,85,8,1,35,7,10,10,22,84,3,2,5,76,4,70,0,14,7,0,2,4,37,0,7,150,26,0,1,4,86,951,0,8,4,12,6,69,8,8,0,7,16,194,4,12,0,45,15,18,3,0,2,63,56,28,18,49,5,2,11,4,15,81,17,57,0,25,6,63,99,29,0,7,2,10,2,0,93,22,35,0,57,12,17,39,19,47,22,8,2,37,24,13,21,15,0,29,284,33,12,4,13,10,68,171,23,8,341,48,4,5,2,9,11,26,13,10,2,5,0,43,13,11,136,7,0,3,5,105,47,0,4,7,52,11,26,37,16,7,32,4,69,3,0,0,4,23,36,7,8,50,13,15,0,63,346,23,13,4,75,0,6,47,54,10,17,76,4,8,3,20,1697,0,25,59,97,12,5,108,5,0,2,13,0,11,6,14,7,24,37,14,42,0,5,7,12,0,4,13,47,0,0,15,54,103,16,7,47,4,97,59,89,46,9,105,2,8,4,3,0,4,12,83,4,61,15,1,17,4,2,4,14,20,29,36,39,140,81,0,32,5,6,121,53,0,6,0,4,30,0,2,85,0,17,74,6,46,208,22,7,2,1,0,0,0
2020-09,9,19,12,12,20,3,9,21,4,4,0,49,0,8,2,2,44,42,30,134,4,0,4,6,12,28,1,85,8,1,35,7,10,10,22,89,3,4,5,76,4,70,0,14,7,0,2,4,35,0,7,150,26,0,1,4,86,951,0,8,4,12,6,71,8,8,0,7,16,194,4,12,0,45,15,18,3,0,2,63,56,28,18,49,5,2,11,4,15,88,17,57,0,25,12,63,99,29,0,7,2,10,2,0,93,22,35,5,57,12,17,39,19,47,22,8,2,37,24,13,21,15,0,29,291,33,10,4,13,10,68,171,23,8,341,48,4,5,2,9,11,26,13,10,2,5,0,43,13,11,136,7,0,3,5,103,47,0,4,7,52,11,26,37,16,7,32,4,69,3,0,0,4,23,36,7,8,50,13,15,0,63,346,23,13,4,75,0,6,47,54,10,17,76,4,8,3,20,1697,0,25,59,97,12,5,108,5,0,2,13,0,11,6,14,7,24,37,14,42,0,5,7,12,0,4,13,47,0,0,15,54,103,16,7,47,4,97,59,90,46,9,105,2,8,4,3,0,4,12,83,4,61,15,1,17,4,2,4,14,20,29,40,39,140,81,0,32,5,6,121,53,0,6,0,4,30,0,2,85,0,17,74,6,46,210,27,7,2,3,0,0,0
2020-10,9,19,12,12,20,3,11,21,4,4,0,46,0,8,2,2,44,42,30,136,4,0,4,6,12,28,1,89,8,1,35,7,10,10,22,89,3,4,5,78,4,70,0,14,7,0,2,4,35,2,7,150,26,0,1,4,86,951,0,8,4,12,6,75,8,8,0,7,16,193,4,12,0,45,15,18,3,0,2,67,56,28,18,49,5,2,11,4,15,90,17,57,0,25,12,65,105,29,0,7,2,10,2,2,94,22,31,5,59,12,17,39,19,47,22,8,2,37,24,13,21,15,0,29,301,33,10,4,13,10,68,177,23,10,341,48,4,5,2,9,11,26,13,10,2,5,0,43,13,11,136,7,0,3,5,105,47,0,4,7,52,11,26,37,16,7,32,4,69,3,0,0,4,23,36,7,8,50,13,15,0,63,346,23,13,4,75,0,6,47,54,10,19,76,4,8,3,20,1697,0,25,59,97,12,5,108,5,0,2,13,0,11,6,14,7,24,37,14,42,0,5,7,12,0,4,13,47,0,0,15,54,103,16,7,49,4,97,59,90,46,9,107,2,8,4,3,0,4,12,83,4,61,15,1,17,4,2,4,14,20,29,40,39,142,83,0,32,5,8,121,53,0,6,0,4,30,0,2,85,0,17,74,6,46,216,27,7,2,3,0,0,0
2020-11,9,19,12,12,20,3,11,21,4,4,0,46,0,8,5,2,44,42,30,136,4,0,4,6,12,28,1,89,8,1,35,7,10,10,22,89,3,4,5,78,4,70,0,14,7,0,2,4,35,2,7,153,26,0,1,4,90,951,0,8,4,12,6,75,8,8,0,7,16,193,4,12,0,45,15,18,3,0,2,71,56,28,18,49,5,2,11,4,21,90,17,57,0,25,12,65,105,29,0,7,2,10,2,14,94,22,31,5,59,12,17,39,19,47,22,8,2,37,24,13,21,15,0,29,301,33,10,4,13,10,71,177,23,10,341,48,4,5,2,9,11,26,13,10,2,5,0,43,13,11,136,7,0,3,5,105,47,0,4,7,52,11,26,37,16,7,32,4,69,3,0,0,4,23,36,7,8,50,13,15,0,63,346,23,13,4,75,0,6,47,54,10,19,76,4,8,3,20,1906,0,25,59,97,12,5,108,5,0,2,13,0,11,6,14,7,24,37,14,42,0,5,7,12,0,4,13,47,0,0,15,54,103,16,7,49,4,103,59,90,46,9,107,2,8,4,3,0,4,12,83,4,61,15,1,19,4,2,4,14,20,29,40,39,142,83,0,32,5,8,121,53,0,6,0,4,30,0,2,85,0,17,74,6,46,216,27,7,2,3,0,0,0
2020-12,9,19,12,12,20,3,11,21,4,4,0,46,0,8,5,2,44,42,30,136,4,0,4,6,12,28,1,89,8,1,35,7,10,10,22,89,3,4,5,78,4,70,0,14,7,0,2,4,35,2,7,153,26,0,1,4,97,1042,0,8,4,12,6,88,8,8,0,7,16,194,4,12,0,45,15,18,3,0,2,67,56,28,18,49,5,4,11,4,21,90,17,57,0,25,12,69,105,29,0,7,2,10,2,14,94,22,31,5,59,12,17,39,19,47,22,8,2,37,24,13,21,15,0,29,301,33,10,4,13,10,71,515,23,16,341,56,4,5,2,9,11,26,13,10,2,5,0,139,13,11,136,7,0,3,5,105,47,0,4,7,52,11,26,37,16,7,32,4,69,3,0,0,4,23,36,7,8,50,11,15,0,63,346,23,13,4,75,0,6,47,54,10,19,76,4,8,3,20,2122,3,25,59,97,12,5,108,5,0,2,13,0,11,6,14,7,24,37,14,42,0,5,7,12,0,4,13,53,0,10,15,54,103,16,7,49,4,103,59,90,46,9,107,2,8,4,3,0,4,12,89,4,61,15,1,19,4,2,4,14,20,29,40,39,142,83,0,32,5,8,121,53,0,6,0,4,30,0,2,91,0,17,74,6,46,220,27,7,2,3,0,0,0
2021-01,9,19,12,12,26,3,11,21,4,4,0,46,0,8,5,2,44,42,30,136,4,0,4,6,12,28,1,89,8,1,35,7,10,10,30,89,3,4,5,78,4,70,0,14,7,0,2,4,35,2,7,153,26,0,1,4,103,1042,0,8,4,12,6,88,8,8,0,7,16,194,4,12,0,45,15,18,3,0,2,67,56,28,18,49,5,4,11,4,21,90,17,57,0,25,12,69,105,29,0,7,2,10,2,16,99,22,31,5,67,12,17,39,19,47,22,8,2,37,24,13,21,15,0,29,301,33,10,4,13,19,79,515,23,16,341,56,4,5,2,9,11,26,15,10,2,5,0,135,13,11,136,7,0,3,5,105,47,0,4,7,52,11,26,37,16,7,32,4,69,3,0,0,4,23,36,7,8,50,11,15,0,63,354,23,13,4,75,0,6,57,54,10,19,120,4,8,3,20,2024,3,25,59,97,12,5,112,5,0,2,13,0,11,6,14,7,24,37,14,50,0,5,7,12,0,4,13,57,0,10,15,54,103,16,7,49,4,103,59,90,46,9,127,2,8,4,3,0,4,12,89,4,61,15,1,19,4,2,4,14,20,29,40,39,154,83,0,32,5,8,125,53,0,6,0,4,40,0,2,91,0,17,74,6,46,220,27,7,2,3,0,0,0
2021-02,9,19,12,12,26,3,11,21,12,4,0,46,0,8,5,2,44,42,30,136,4,0,4,6,12,28,1,91,8,1,35,7,10,10,30,89,3,4,5,78,4,86,0,14,7,0,2,4,35,2,7,153,26,0,1,4,103,1131,0,8,2,18,6,88,8,20,0,7,16,194,4,12,0,42,15,18,3,0,2,67,56,28,18,49,5,4,11,4,21,90,17,57,0,25,12,69,105,29,0,7,2,10,2,18,99,22,31,5,67,12,17,39,19,47,22,8,2,37,24,13,21,15,0,33,301,33,10,4,13,19,79,515,23,19,341,56,4,5,2,9,57,26,15,10,2,2,0,135,13,11,136,7,0,3,5,109,47,0,4,7,52,11,26,37,16,7,32,4,69,3,0,0,4,23,36,7,8,50,11,15,0,63,354,23,13,4,75,0,6,60,54,10,19,120,4,8,3,20,1981,3,25,59,239,12,5,112,5,0,2,13,0,11,6,14,7,24,37,14,50,0,5,7,12,0,4,13,57,0,10,15,54,103,16,7,49,4,103,59,90,46,9,127,2,8,4,3,0,4,12,89,4,61,15,1,19,4,2,4,14,20,29,40,39,154,83,0,32,5,8,125,53,0,6,0,4,40,0,2,91,0,17,74,6,46,224,27,7,2,3,0,0,0
2021-03,9,19,12,12,26,3,11,21,14,4,0,46,0,8,5,2,44,46,30,140,4,0,4,6,12,28,1,91,8,1,35,7,10,10,30,90,3,4,5,78,4,86,0,14,7,0,2,4,35,2,7,153,26,0,1,4,117,1153,0,8,2,18,6,88,8,24,0,7,16,198,4,12,0,46,15,18,3,0,2,67,56,28,18,49,5,4,11,3,21,98,17,57,0,25,12,69,105,29,0,7,2,10,2,18,99,22,31,5,67,12,17,39,19,47,22,8,2,37,24,13,25,15,0,33,309,33,10,4,13,19,79,515,23,19,353,60,4,5,2,9,57,26,15,14,2,2,0,135,13,11,140,7,0,3,5,117,51,0,4,7,52,15,26,37,16,7,32,4,69,3,0,0,4,23,36,7,8,50,11,15,0,157,354,23,13,4,75,0,6,64,54,10,23,154,4,8,3,20,1997,3,25,59,239,12,9,112,5,0,2,13,0,11,6,14,7,24,41,14,50,0,5,7,12,0,4,13,57,0,10,15,54,103,16,7,53,4,113,59,90,50,16,131,2,8,8,3,16,4,12,89,4,61,15,1,19,4,2,4,14,20,33,46,39,154,83,0,32,5,6,125,53,0,6,0,4,40,0,2,91,0,17,74,6,46,224,27,7,2,3,0,0,0
2021-04,9,19,12,12,26,3,11,21,14,4,0,46,0,8,5,2,44,52,30,140,4,0,8,10,12,28,1,91,8,1,35,5,10,10,30,90,3,4,5,78,4,86,0,14,7,0,2,4,35,2,7,153,26,0,1,4,117,1153,0,8,2,18,6,88,8,24,0,7,16,198,4,12,0,46,15,18,3,0,2,67,56,28,18,49,5,4,11,3,27,98,17,57,0,25,12,69,113,29,0,7,2,10,2,15,99,22,31,5,67,12,17,39,19,47,22,8,2,37,24,13,25,15,0,33,319,33,10,4,13,19,79,515,23,19,353,60,4,5,2,9,57,28,15,14,2,2,0,135,13,11,140,7,0,3,5,121,51,0,4,7,52,15,26,37,16,7,32,4,69,3,0,0,4,23,36,7,8,50,11,15,0,157,354,23,13,4,75,0,6,69,54,10,23,154,4,8,3,20,2042,3,25,63,239,12,9,112,5,0,2,13,0,11,6,14,7,24,41,14,50,0,5,7,12,0,4,13,57,0,10,15,54,103,16,7,53,4,113,59,90,50,16,190,2,8,8,3,16,4,12,89,4,61,15,1,19,4,2,4,14,20,33,46,39,154,83,0,32,5,6,125,53,0,6,0,5,40,0,10,91,0,17,74,6,46,224,27,7,2,3,0,0,0
2021-05,9,19,12,12,26,3,11,21,14,4,0,46,0,8,5,2,44,52,30,152,4,0,8,10,8,28,1,91,8,1,35,5,10,10,30,90,3,4,5,80,4,86,0,14,7,0,2,4,35,2,7,157,26,0,1,4,117,1316,0,8,2,18,6,88,8,24,0,7,16,198,4,12,0,46,15,18,3,0,2,67,56,28,18,49,5,4,11,3,27,110,17,57,0,25,14,69,109,29,0,7,2,10,2,15,99,22,31,5,67,12,17,39,19,47,22,8,2,37,24,13,25,15,0,33,319,45,10,4,13,19,79,531,23,19,344,60,4,5,2,9,57,28,15,14,2,2,0,139,13,11,140,7,0,3,5,121,51,0,4,7,52,15,26,37,16,7,32,4,69,3,0,0,4,23,36,7,8,50,11,15,0,157,354,25,13,4,75,0,6,69,54,8,28,154,4,8,0,20,2293,3,25,63,239,12,9,112,5,0,2,13,0,11,6,14,7,24,41,14,50,0,5,7,12,0,4,13,57,0,10,15,54,103,16,7,53,4,113,83,90,50,16,190,2,8,8,3,16,4,12,90,4,61,15,1,19,4,2,4,14,20,33,46,39,160,83,0,32,5,6,125,53,0,6,0,5,40,0,14,91,0,17,74,9,46,224,27,7,2,3,0,0,0
2021-06,9,23,12,12,26,3,11,21,14,4,0,46,0,8,5,2,44,56,36,152,8,0,8,10,8,37,1,91,8,1,35,5,10,10,30,94,3,4,5,77,4,86,0,14,7,0,2,4,35,2,7,157,26,0,1,4,138,1358,0,8,2,18,6,88,8,24,0,7,16,198,4,12,0,45,15,18,3,0,2,67,56,28,18,49,5,4,11,3,27,110,17,57,0,25,14,69,115,29,0,7,2,10,2,15,99,22,31,5,67,12,17,39,19,47,22,8,2,37,24,13,25,15,0,33,319,45,10,4,13,19,93,531,23,16,344,60,4,5,2,9,37,28,15,14,2,2,0,139,13,14,140,7,0,3,5,121,51,0,4,7,54,15,26,37,16,7,29,4,67,3,0,0,4,23,36,7,8,50,11,15,0,157,360,25,13,4,75,0,6,69,54,8,28,154,2,8,0,20,2306,3,25,63,240,12,9,118,5,0,2,13,0,11,6,14,7,30,41,14,51,0,5,7,12,0,4,13,57,2,10,15,54,98,16,7,57,4,113,83,104,50,16,194,2,8,8,3,16,4,12,90,4,61,15,1,19,4,2,4,14,20,35,48,39,160,89,0,32,5,10,125,53,0,6,0,5,40,0,14,91,0,17,74,9,50,224,27,7,2,3,0,0,0
2021-07,9,23,12,12,26,3,11,21,14,4,0,46,0,8,5,2,44,56,36,152,8,0,8,10,8,37,1,91,8,1,35,5,10,10,30,94,3,4,5,77,10,86,0,14,7,0,2,4,35,2,7,157,26,0,1,4,138,1358,0,8,2,16,6,92,8,24,0,7,16,198,4,12,0,45,15,18,3,0,2,67,56,28,18,49,5,4,11,3,27,110,17,63,0,25,14,69,123,29,0,7,2,10,2,17,105,20,31,5,73,12,17,39,19,47,22,8,2,37,24,13,25,15,0,33,319,45,10,4,13,19,93,531,23,16,344,62,4,5,2,9,37,28,18,14,2,2,0,139,13,14,140,7,0,3,5,121,51,0,4,7,54,15,26,37,16,7,29,4,67,3,0,0,4,23,36,7,8,50,11,15,0,157,360,25,13,4,81,0,6,69,54,8,34,154,2,10,0,20,2312,3,25,63,246,12,9,118,5,0,2,13,0,11,6,14,7,30,41,14,51,0,5,7,12,0,4,13,57,2,10,15,54,98,16,7,57,4,113,83,110,50,22,190,2,8,8,3,16,4,12,90,4,61,15,1,19,4,2,4,14,20,37,48,39,160,89,0,38,5,10,125,53,0,6,0,5,40,0,14,91,0,17,80,9,50,224,27,7,2,3,0,0,0
2021-08,9,24,12,12,26,3,11,21,14,4,0,46,0,8,5,2,44,60,36,152,8,0,8,10,8,37,1,91,8,1,35,5,10,10,30,94,3,4,5,77,10,102,0,14,7,0,2,4,35,2,7,157,26,0,1,4,138,1358,0,8,2,16,6,92,8,24,0,7,16,352,4,12,0,45,15,18,3,0,2,67,56,28,18,49,5,4,11,3,27,114,17,63,0,25,14,69,123,37,0,7,2,10,2,20,105,20,31,5,73,12,17,39,19,47,22,8,2,37,24,13,25,15,0,33,319,45,10,4,13,19,93,531,23,27,344,62,4,5,2,9,37,28,18,14,2,2,0,139,13,14,140,7,0,3,5,121,53,0,4,7,54,15,26,37,16,7,29,4,67,3,0,0,4,23,36,7,8,48,11,15,0,157,360,25,13,4,81,0,6,69,54,8,34,154,2,10,0,20,2312,3,25,63,246,12,9,118,5,0,2,13,0,11,6,14,7,30,41,14,101,0,5,7,12,0,4,13,57,2,10,15,54,98,16,7,57,4,113,83,110,50,22,190,2,8,8,3,16,4,12,90,4,61,15,1,19,4,2,4,14,20,37,48,39,159,89,0,38,5,10,125,53,0,6,0,5,40,0,14,91,0,17,88,9,50,224,27,7,2,3,0,0,0
2021-09,9,24,12,12,26,3,11,21,14,7,0,46,0,8,5,2,44,60,36,152,8,0,8,10,8,37,1,91,8,1,35,5,10,10,30,94,3,4,5,77,10,102,0,14,7,0,2,4,35,2,7,157,26,0,1,4,164,1420,0,8,2,16,6,146,8,24,0,7,16,352,4,12,0,73,15,18,3,0,2,67,56,28,18,61,5,4,11,3,27,114,17,63,0,25,14,69,123,37,0,7,2,10,2,20,105,20,31,5,73,12,17,39,19,47,22,8,2,37,24,13,25,15,0,33,323,51,10,4,13,19,93,531,23,27,344,62,4,5,2,9,37,28,21,14,2,2,0,139,13,14,140,7,0,3,5,121,53,0,4,7,54,15,26,37,16,7,29,4,67,3,0,0,4,23,36,7,8,48,11,15,0,157,360,25,13,4,81,0,6,69,54,8,34,154,2,10,0,20,2322,3,25,63,246,16,9,118,5,0,2,13,0,11,6,14,7,30,41,14,101,0,5,7,12,0,4,13,57,2,13,15,54,98,16,7,57,4,113,83,110,50,22,190,2,8,8,3,16,4,12,90,4,61,15,1,19,4,2,4,14,20,37,48,39,159,89,0,40,5,10,125,53,0,6,0,5,40,0,14,91,0,17,88,14,54,224,27,7,2,3,0,0,0
2021-10,9,23,12,12,26,3,11,21,14,7,2,46,0,8,5,2,44,60,36,174,8,0,8,10,8,37,1,91,8,1,35,5,10,10,30,94,3,4,5,77,10,102,0,14,7,0,2,4,35,2,7,157,26,0,1,4,164,1440,0,8,2,16,6,146,8,24,0,7,16,372,4,12,0,73,15,18,3,0,2,67,56,28,18,63,5,4,11,3,27,114,17,63,0,25,14,69,123,37,0,7,2,10,2,20,105,20,33,5,73,12,17,39,19,47,22,8,2,37,24,13,25,15,0,33,323,51,10,4,13,19,93,531,23,27,370,62,4,5,2,9,37,28,27,14,2,2,0,139,13,14,140,19,0,3,5,121,53,0,4,7,54,15,26,37,16,7,29,4,67,3,0,0,4,23,36,7,8,48,14,15,0,157,360,25,13,4,81,0,6,69,54,8,34,154,2,10,0,20,2322,3,25,63,246,16,9,118,5,0,2,13,0,11,6,14,7,30,41,14,101,0,5,7,12,0,4,13,57,2,13,15,54,98,16,7,57,4,113,83,110,50,22,190,2,8,8,3,16,4,12,90,4,61,15,1,19,4,2,4,14,20,37,48,39,159,89,0,40,5,10,125,53,0,6,0,5,40,0,14,91,0,17,92,14,54,224,27,7,2,3,0,0,0
2021-11,9,23,12,12,26,3,11,21,14,7,2,46,0,8,5,2,44,60,36,174,8,0,8,10,8,37,1,91,8,1,35,5,10,10,30,94,3,4,5,77,10,102,0,14,7,0,2,4,35,2,7,157,26,0,1,4,164,1440,0,8,2,16,6,146,8,24,0,7,16,372,4,12,0,73,15,18,3,0,2,67,56,28,18,63,5,4,11,3,27,114,17,63,0,25,14,69,123,37,0,7,2,10,2,20,105,20,33,5,77,12,17,39,19,47,22,8,2,37,24,13,25,15,0,33,323,51,10,4,13,19,93,531,25,27,370,62,4,5,2,9,37,28,27,14,2,2,0,139,13,14,140,19,0,3,5,121,53,0,4,7,54,19,34,37,16,15,29,4,67,3,0,0,4,23,36,7,8,48,14,15,0,157,360,25,13,4,81,0,6,69,54,8,34,154,2,10,0,20,2322,3,25,63,246,16,9,118,5,0,2,13,0,11,6,14,7,30,41,14,101,0,5,7,12,0,4,13,57,2,13,15,54,98,16,7,57,4,113,83,110,50,22,190,2,8,8,3,16,4,12,90,4,61,15,1,19,4,2,4,14,20,37,48,48,159,89,0,40,5,10,125,53,0,6,0,5,40,0,14,91,0,17,123,14,54,224,27,7,2,7,0,2,0
2021-12,9,19,12,12,26,3,11,21,14,7,4,46,0,8,5,2,44,60,43,174,8,0,8,10,8,37,1,91,8,1,35,5,10,10,30,94,3,4,5,77,10,105,0,14,7,0,2,4,35,2,7,160,26,0,1,4,164,1440,0,8,2,16,6,152,8,24,0,7,16,372,4,12,0,73,18,18,3,0,2,67,56,28,18,63,5,4,11,3,27,125,17,63,0,25,14,69,123,37,0,7,2,10,2,20,105,20,33,5,84,12,17,39,19,47,22,8,2,37,24,13,25,15,0,33,323,51,10,4,13,19,93,531,25,27,370,62,4,5,2,9,37,28,27,14,2,2,0,139,13,14,140,19,0,5,5,121,55,0,4,7,54,19,34,37,16,15,29,4,67,3,0,0,4,23,36,7,8,48,14,15,0,160,360,25,16,4,81,0,6,69,54,8,34,154,2,10,0,20,2363,3,25,63,246,16,9,118,5,0,2,13,0,11,6,14,7,30,41,14,101,4,5,7,16,0,4,13,57,2,13,15,54,98,16,7,57,4,109,83,110,50,22,190,2,8,8,3,16,4,15,90,4,61,15,1,19,4,2,4,14,20,55,48,48,159,89,0,40,5,10,125,53,0,6,0,5,40,0,14,91,0,17,123,14,56,224,27,7,2,7,0,3,0
2022-01,9,19,12,12,36,3,11,29,14,7,4,46,0,8,5,2,44,60,43,174,8,0,8,10,8,37,1,91,8,1,35,5,10,10,30,94,3,4,5,77,14,105,0,14,7,0,2,4,35,2,7,160,26,0,1,4,164,1442,0,8,2,16,6,152,8,28,0,7,16,372,4,12,0,73,18,18,3,0,2,67,56,28,18,63,5,4,11,3,27,125,17,63,0,29,14,69,123,37,0,7,2,10,2,20,105,20,33,5,84,12,17,39,19,47,22,8,2,37,24,13,25,15,0,33,325,51,10,4,13,19,93,531,25,27,370,62,4,13,2,9,37,28,27,14,2,2,0,139,13,14,140,19,0,5,5,121,55,0,4,7,54,19,34,37,16,15,29,4,67,3,0,0,4,23,36,7,8,48,14,15,0,160,360,25,16,12,81,0,6,69,54,8,34,154,2,10,0,20,2393,3,25,63,246,16,9,118,5,0,2,13,0,11,6,14,7,30,41,14,101,4,5,7,16,0,4,13,57,2,13,15,54,98,16,7,57,4,109,83,110,50,22,190,2,8,8,3,16,4,15,90,4,61,15,1,19,4,2,4,25,20,55,48,48,159,97,0,40,5,10,125,53,0,6,0,5,40,0,14,91,0,17,123,14,56,224,27,7,2,7,0,3,0
2022-02,9,19,12,17,36,0,11,29,14,7,4,54,0,8,5,2,34,60,39,184,8,0,8,14,8,41,1,91,8,1,35,5,10,10,31,94,3,4,5,80,14,99,0,16,10,0,2,4,33,14,9,166,26,0,1,0,164,1461,0,8,2,16,6,155,8,28,0,7,16,375,4,12,0,78,14,20,3,0,2,58,56,28,18,63,5,7,8,11,27,120,17,63,0,29,14,69,123,34,0,2,2,10,2,20,105,18,39,0,87,12,17,37,19,44,22,8,7,41,24,13,16,15,4,33,329,43,24,4,17,19,93,533,17,16,372,68,12,13,2,9,37,24,27,16,2,11,0,141,17,14,140,19,0,5,5,121,55,6,4,7,42,19,34,47,16,15,29,4,67,3,0,0,4,23,36,11,8,48,16,15,0,150,360,25,19,12,75,0,6,69,58,8,42,154,2,10,0,24,2391,5,25,62,246,20,9,118,5,0,2,13,0,11,6,12,7,30,41,14,101,4,5,7,10,1,4,10,57,2,3,15,56,82,16,7,57,4,103,83,110,56,22,190,2,6,8,17,16,4,15,87,2,59,15,1,17,4,2,4,41,20,55,58,34,159,101,5,40,5,16,122,53,0,6,0,4,34,0,14,87,0,17,126,14,56,218,29,7,2,7,0,3,0
2022-03,9,19,12,17,36,0,11,29,14,7,4,54,0,8,5,2,34,65,51,184,8,0,8,14,8,41,1,91,8,1,35,5,10,10,31,94,3,8,5,80,14,99,0,16,10,0,2,4,33,14,9,166,26,0,1,0,164,1461,0,8,2,16,6,155,8,28,0,7,16,375,4,12,0,78,14,20,3,0,2,58,56,28,18,63,5,7,8,11,27,120,17,63,0,29,14,69,123,34,0,2,2,10,2,20,105,20,39,0,87,12,17,37,19,44,22,8,7,41,24,13,16,15,4,33,329,43,24,4,17,19,93,533,17,16,402,68,12,13,2,9,37,24,27,16,2,11,0,141,17,14,140,19,0,5,5,121,55,6,4,7,42,19,34,47,16,15,29,4,67,3,0,0,4,23,36,11,8,48,16,15,0,150,360,25,19,12,75,0,6,69,58,8,42,154,2,10,0,24,2478,5,25,62,246,20,9,118,5,0,2,13,0,11,6,12,13,30,41,14,101,4,5,7,10,1,4,10,57,2,3,15,56,82,16,7,57,4,103,83,113,56,22,190,2,6,8,17,16,4,15,87,2,59,15,1,17,4,2,4,41,20,55,58,34,159,101,5,40,5,16,122,53,0,6,0,4,34,0,14,87,0,17,126,14,56,216,29,7,2,7,0,3,0
2022-04,9,19,12,17,36,0,11,29,14,7,4,54,0,8,5,2,34,65,51,184,8,0,8,14,8,41,1,91,8,1,35,5,10,10,31,94,3,8,5,80,14,99,0,16,10,0,2,4,35,14,9,170,26,0,1,9,164,1461,0,8,2,16,6,155,8,31,0,7,16,375,4,12,0,78,14,20,3,0,2,58,56,28,18,63,5,7,8,11,27,120,17,63,0,29,14,69,123,34,4,2,2,10,2,20,105,20,39,0,102,12,17,37,19,44,22,8,7,41,24,13,16,15,8,33,329,49,24,4,17,19,93,533,17,16,402,68,12,13,2,9,37,24,27,16,2,11,0,141,17,14,140,19,0,5,5,121,55,6,4,7,42,19,34,47,16,15,29,4,67,3,0,0,4,23,36,11,8,48,16,15,0,150,360,25,19,12,75,0,6,69,58,8,42,154,2,10,0,24,2488,5,25,62,246,20,9,118,5,0,2,13,0,11,6,12,13,30,41,14,101,4,5,7,10,1,4,10,57,2,3,15,56,82,16,7,57,4,103,83,123,56,22,198,2,6,8,17,16,4,15,87,2,59,15,1,17,4,2,4,41,20,55,58,34,167,101,5,58,5,16,122,53,0,6,0,4,34,0,14,87,0,17,126,14,56,226,29,7,2,7,0,3,0
2022-05,9,19,12,17,36,0,11,29,14,7,4,54,0,8,5,2,34,65,51,184,8,0,8,14,8,41,1,91,8,1,35,5,10,10,31,94,3,8,5,80,14,103,8,16,10,0,2,4,43,14,9,170,26,0,1,34,179,1485,0,8,2,16,6,155,8,31,0,7,16,387,4,12,0,78,14,20,3,0,2,58,56,113,18,65,5,7,8,11,33,120,17,64,0,29,14,69,123,34,4,2,2,10,2,20,105,20,41,0,102,12,17,37,19,48,22,8,7,41,24,13,16,33,12,33,375,49,24,4,17,25,89,533,17,16,402,68,12,13,2,9,37,29,27,16,2,11,0,141,17,14,140,19,0,5,5,121,55,6,4,7,42,19,34,47,16,15,29,4,67,3,0,0,4,23,36,11,8,48,16,15,0,150,360,25,19,13,75,0,6,149,58,8,42,154,2,10,0,24,2505,5,25,62,296,20,9,118,9,0,2,13,0,15,6,12,13,30,41,14,109,4,5,7,10,1,4,10,57,2,3,15,56,82,16,7,57,4,103,83,123,56,22,198,2,6,8,17,16,4,15,87,2,59,15,1,17,4,2,4,41,20,55,58,34,167,101,5,58,7,16,122,53,0,6,0,4,34,0,14,87,0,17,126,14,56,226,29,7,2,7,0,3,0
2022-07,9,20,12,17,36,4,17,29,14,7,4,62,0,8,5,2,42,71,51,186,8,0,8,14,8,41,1,91,9,5,35,5,10,10,47,94,3,8,5,98,16,111,8,16,10,0,2,4,43,14,9,180,42,0,1,44,201,1527,0,8,2,16,6,161,8,31,0,7,16,469,4,12,0,78,30,20,3,6,2,58,56,113,18,65,5,7,8,17,33,140,17,66,0,31,18,84,137,34,4,2,5,10,2,20,119,40,49,0,102,12,20,37,19,68,22,8,7,41,24,13,16,55,12,33,411,49,24,4,17,25,89,533,25,16,408,96,12,29,2,29,37,31,27,16,2,23,0,141,17,14,152,19,0,5,5,149,55,6,4,7,42,19,34,47,16,15,29,4,67,3,0,0,4,23,36,11,8,48,16,15,0,150,360,25,19,13,75,0,6,155,58,17,42,154,2,10,0,24,2771,5,33,70,306,24,9,130,9,0,2,13,0,15,6,12,33,30,41,14,109,4,5,7,10,1,4,10,71,2,3,15,56,82,16,7,57,4,103,83,135,68,22,214,2,6,8,17,16,4,35,107,2,59,23,1,17,4,2,4,41,20,69,58,34,175,101,5,74,7,28,130,53,0,6,0,4,34,0,14,87,0,17,126,14,56,226,29,7,2,7,3,3,0
2022-08,9,20,12,17,36,4,17,29,14,7,4,62,0,8,6,2,42,71,51,186,8,0,8,14,8,49,1,91,9,5,35,5,10,10,47,95,3,8,5,98,16,113,8,16,10,0,2,4,43,14,9,180,42,0,1,44,201,1532,0,8,2,16,6,181,8,31,0,7,16,469,4,12,1,79,30,20,3,6,2,58,56,113,18,65,5,7,8,17,41,141,17,66,0,31,18,84,149,34,4,2,5,10,2,20,121,40,49,0,103,12,21,37,19,68,22,8,7,41,24,13,17,55,12,33,411,49,24,4,17,25,89,533,25,16,438,96,12,29,2,29,37,31,28,16,2,23,0,142,17,14,152,19,0,5,5,149,55,6,4,7,42,19,34,47,16,15,29,4,67,3,0,0,4,23,36,11,8,48,16,15,0,150,371,25,19,13,84,0,6,156,58,17,42,154,2,10,0,31,2788,5,33,70,306,24,9,130,9,0,2,13,0,15,6,12,34,30,41,14,109,4,5,7,10,1,4,10,71,2,3,15,56,82,16,7,57,4,104,83,136,68,23,215,2,6,8,17,16,6,35,107,2,59,23,1,17,4,2,4,41,20,69,58,34,175,101,5,74,7,28,130,53,0,6,0,4,34,0,14,87,0,17,126,14,56,226,29,7,2,7,3,3,0
2022-09,9,21,12,17,36,4,17,29,14,7,4,62,0,8,6,2,42,72,52,187,9,0,8,14,8,49,1,91,9,5,35,8,10,10,48,95,4,9,5,101,16,113,8,16,10,0,2,4,44,14,9,204,42,0,1,44,203,1555,1,9,2,16,6,182,8,31,0,7,16,469,4,12,2,79,31,20,3,7,2,58,65,113,18,66,5,7,8,17,41,142,20,80,0,31,18,84,151,34,4,2,5,10,5,20,122,40,50,0,104,12,22,37,19,68,22,8,7,41,24,13,20,55,12,33,422,49,24,4,17,25,90,534,25,16,449,97,12,29,2,29,37,31,28,17,22,23,0,142,17,14,164,19,0,5,5,150,56,6,4,8,42,19,34,47,16,15,29,4,67,3,0,0,4,23,36,11,8,48,16,15,0,150,406,26,19,13,84,0,6,156,58,17,44,154,2,13,1,31,2798,5,33,70,306,24,10,138,9,0,20,14,0,15,7,12,34,30,41,14,109,4,5,7,10,1,4,10,71,2,3,15,56,82,16,8,58,4,104,71,136,66,23,223,2,6,8,17,17,6,35,108,2,60,23,1,17,4,2,4,41,20,69,60,34,175,103,5,74,7,28,130,53,0,6,0,4,34,0,14,87,0,17,162,14,56,228,30,7,2,7,3,3,0
2022-10,9,21,12,17,36,4,17,29,14,7,4,62,0,8,6,2,42,76,52,189,9,0,8,14,8,49,1,91,9,5,35,8,10,10,48,95,4,9,5,125,16,113,12,20,10,0,2,4,44,14,9,208,42,0,1,56,215,1555,1,9,6,16,6,194,8,31,32,7,16,469,4,12,2,79,31,20,3,7,6,58,65,113,18,66,5,7,8,17,41,142,20,80,0,31,18,84,151,34,4,2,9,10,5,20,122,40,58,0,104,12,22,37,19,68,22,12,7,41,24,13,20,55,12,33,422,49,24,4,17,29,90,534,25,16,456,102,12,29,2,29,37,31,44,17,32,23,0,142,17,14,188,19,0,5,5,150,56,6,4,8,42,19,38,47,16,15,29,4,67,3,0,0,4,23,48,16,8,48,21,15,0,150,406,26,19,13,84,0,6,156,58,23,44,154,2,17,1,31,2832,5,33,70,306,24,10,138,9,0,20,14,0,15,7,12,34,30,41,14,109,4,5,7,10,1,4,10,71,2,3,15,56,82,16,8,58,4,104,71,145,74,23,227,2,6,8,17,17,6,35,108,2,60,23,1,17,8,2,4,41,20,87,60,34,175,109,5,74,7,28,130,53,0,6,0,4,38,0,14,87,0,17,162,14,61,228,30,7,2,7,3,3,0
2022-11,9,21,12,17,36,4,17,29,14,7,4,62,0,8,5,2,42,75,51,188,8,0,8,14,8,49,1,91,9,9,35,7,10,10,48,95,4,9,5,124,16,111,12,20,10,0,2,4,43,14,9,208,42,0,1,56,224,1548,1,9,6,16,6,194,8,31,32,7,16,623,6,12,1,78,30,20,3,6,6,66,64,113,18,66,5,7,8,19,41,141,20,92,0,31,18,99,175,34,4,2,11,10,4,26,121,46,58,2,103,12,21,37,19,68,22,12,7,41,24,13,18,55,12,33,430,49,24,4,17,29,89,558,25,16,463,102,12,29,2,29,37,31,44,17,32,23,0,141,17,14,198,19,0,5,5,150,55,6,4,7,42,19,38,47,16,15,29,4,67,3,0,0,4,23,48,16,8,48,21,15,0,150,402,26,19,13,94,0,6,155,58,27,44,154,10,35,1,31,2984,5,41,70,306,28,9,138,9,0,20,13,0,15,7,12,34,30,59,14,109,4,5,7,10,1,4,10,71,2,3,15,56,82,16,7,57,4,103,71,144,74,22,368,2,6,8,17,16,6,35,111,2,59,23,5,17,8,2,4,41,20,87,60,34,183,119,5,74,7,28,134,53,4,6,0,4,39,0,14,87,0,17,165,14,61,227,29,7,2,7,3,0,8
2022-12,9,20,16,20,36,8,17,29,14,7,4,49,0,8,11,2,52,75,51,195,8,0,13,10,30,45,1,91,12,13,35,5,10,14,54,119,3,8,5,123,16,122,16,18,8,0,2,4,45,2,7,208,42,0,1,60,223,1587,0,8,6,16,6,194,8,31,32,7,12,623,6,12,0,73,34,18,3,10,6,77,64,125,18,65,5,7,8,11,41,147,20,94,0,35,18,101,171,37,4,7,15,10,4,26,119,42,51,15,102,12,24,35,19,71,22,12,2,37,24,13,16,55,0,33,427,78,11,4,17,38,89,557,33,16,463,124,4,33,2,31,37,35,43,16,32,11,0,141,17,14,209,19,0,5,5,150,57,2,4,7,54,19,38,33,28,15,29,4,67,3,0,0,4,23,48,14,8,48,14,15,0,160,400,25,17,13,100,0,6,159,56,29,34,156,14,34,0,27,3013,3,41,75,310,26,9,164,9,0,20,13,0,15,10,14,37,30,63,9,109,4,5,7,10,12,4,13,71,2,3,19,55,98,16,7,57,4,137,69,146,74,22,412,2,6,8,3,16,6,35,114,2,59,25,5,25,8,2,4,30,20,87,50,48,262,119,0,74,7,22,122,53,4,6,0,7,45,0,16,91,0,19,193,13,61,248,24,7,2,15,3,0,10
2023-01,9,20,16,20,36,8,17,29,14,7,4,49,0,8,11,2,52,75,51,195,8,0,13,10,30,45,1,91,12,13,35,5,10,14,54,120,3,8,5,123,16,122,16,18,8,0,2,4,45,2,7,212,42,0,1,60,223,1545,0,8,6,16,6,194,8,31,32,7,12,623,6,12,0,73,34,18,3,8,6,77,64,125,18,65,5,7,8,11,41,147,20,100,0,35,18,101,173,37,4,7,15,10,4,32,119,44,51,15,102,12,24,35,19,71,22,12,2,37,24,13,16,65,0,33,440,78,11,4,17,43,89,565,33,16,463,124,4,33,2,31,37,37,43,16,32,11,0,141,17,14,209,19,0,5,5,150,57,2,4,7,56,19,38,33,28,15,29,4,67,3,0,0,4,23,48,14,8,48,14,15,0,160,400,25,17,15,100,0,6,159,56,29,34,156,14,34,0,27,3035,3,41,75,310,26,9,164,12,0,20,13,0,15,10,14,37,30,63,9,109,4,5,7,10,12,4,13,71,2,3,19,55,98,16,7,77,4,137,69,146,74,22,434,2,6,11,3,16,6,35,114,2,59,25,5,25,8,2,4,30,20,89,50,48,262,119,0,74,7,22,122,53,4,6,0,7,45,0,16,91,0,19,193,13,61,248,24,13,2,15,3,0,10
2023-02,9,20,16,20,36,8,17,29,12,7,4,49,0,8,11,2,53,75,85,195,8,0,13,10,30,45,1,87,12,13,44,5,10,14,51,120,3,8,5,129,16,123,16,18,3,0,2,4,45,2,7,213,42,0,1,60,245,1488,0,8,6,16,6,206,8,43,32,7,23,632,6,12,0,73,34,18,3,9,6,77,65,124,18,65,5,7,8,11,42,147,20,100,0,33,23,101,186,37,7,7,15,10,4,36,119,32,51,15,103,12,24,40,25,71,22,12,11,37,24,13,16,75,0,33,440,78,11,4,15,43,89,565,33,16,491,152,4,33,2,31,37,38,43,14,32,13,0,139,17,14,214,19,0,5,5,149,57,2,4,19,58,19,38,40,28,15,29,4,63,3,0,0,4,26,50,11,8,48,14,15,0,174,400,25,21,15,105,0,6,159,56,33,34,156,14,34,2,27,3870,3,41,75,318,26,9,164,12,0,20,13,0,15,10,14,37,30,63,9,130,4,5,7,10,12,4,11,79,2,3,21,57,97,16,0,77,4,136,57,148,74,22,444,2,8,20,3,16,6,35,123,2,59,25,4,25,8,2,5,30,20,89,50,44,335,119,0,73,7,22,106,53,4,6,0,7,73,0,16,91,0,19,212,13,62,248,24,13,2,15,3,0,14
2023-03,9,20,16,20,36,8,17,29,12,31,4,57,0,8,11,2,53,75,101,197,8,0,13,10,30,45,1,87,12,13,42,5,10,14,51,120,3,8,5,129,16,123,16,18,3,0,2,4,56,2,13,211,42,0,1,60,247,1524,0,8,6,16,6,206,18,43,32,7,23,623,6,12,0,73,34,18,14,9,6,77,65,124,18,65,5,7,8,11,42,187,20,109,0,33,23,101,186,37,7,7,15,10,4,40,119,33,51,15,154,12,24,40,25,71,22,12,11,37,24,13,16,81,0,33,472,78,11,4,15,43,89,565,33,16,504,152,4,33,2,31,37,38,43,14,32,13,0,141,17,24,216,19,0,5,5,151,57,2,4,19,94,19,38,40,28,15,29,4,63,3,0,0,4,26,50,14,8,48,14,15,0,192,400,25,21,33,105,0,6,159,56,31,34,166,14,34,2,29,4170,3,41,75,311,26,9,174,12,0,20,13,0,15,10,14,37,30,67,9,130,4,5,7,10,12,4,11,79,2,3,21,57,97,16,0,74,4,136,57,148,74,22,444,2,8,20,3,16,6,35,123,2,59,25,4,25,8,2,5,30,20,89,52,44,340,119,0,76,7,22,117,53,4,6,0,7,89,0,21,91,0,19,243,13,64,254,24,13,2,15,3,0,14
2023-04,9,24,16,26,36,12,17,29,53,37,24,57,4,8,53,2,53,75,111,251,8,0,13,10,36,45,9,93,12,17,42,9,10,14,51,131,3,8,12,144,20,123,16,18,6,0,8,6,96,12,13,409,43,2,1,60,257,2680,0,8,6,16,6,235,18,70,32,9,22,634,6,12,0,92,34,35,14,9,6,75,65,175,40,71,5,7,8,23,42,240,24,109,10,35,23,101,186,45,7,7,20,10,4,40,133,33,51,17,160,12,126,40,31,76,60,12,12,37,80,13,16,98,0,33,483,83,15,7,15,61,98,575,36,48,565,152,4,33,14,37,47,42,45,16,32,17,0,257,17,29,347,19,0,5,5,150,99,2,4,19,100,19,38,38,120,15,30,4,67,3,11,0,24,26,50,14,8,48,14,29,4,195,401,29,23,33,104,0,7,260,92,35,34,275,22,34,2,31,4998,3,46,77,318,26,9,202,11,0,20,13,4,16,10,15,37,38,67,9,140,9,5,7,10,12,4,11,84,2,3,21,58,184,36,8,74,5,215,61,262,74,22,450,2,8,20,3,27,8,50,219,2,59,29,8,36,8,2,9,59,26,117,77,74,342,136,0,76,11,27,120,62,8,6,0,7,89,2,21,95,9,39,248,13,108,254,24,13,3,16,3,0,18
2023-05,9,24,16,30,36,12,17,37,53,37,24,57,4,8,55,2,67,77,133,324,14,0,13,10,50,49,9,102,12,13,42,9,10,30,54,149,11,8,22,244,26,123,16,18,6,0,8,6,106,12,15,432,11,2,1,60,279,2878,0,8,10,16,6,287,18,78,32,9,22,696,10,12,7,104,34,42,16,15,6,79,65,172,60,76,8,7,8,23,48,242,24,115,10,43,23,106,215,45,7,9,20,16,4,55,149,53,43,17,297,12,146,45,31,64,60,17,12,37,78,13,16,98,2,33,505,101,29,7,33,67,92,634,44,55,999,154,4,33,14,37,47,78,53,20,32,19,0,257,17,29,353,25,0,5,5,160,97,2,4,19,98,19,47,38,120,17,30,10,71,3,11,0,23,41,50,14,8,58,18,33,4,195,401,35,33,51,104,0,25,262,92,34,54,267,14,34,24,31,5037,3,30,79,342,29,9,210,22,0,20,13,4,16,10,15,37,49,89,9,116,9,5,13,10,12,10,19,68,2,11,23,82,184,44,8,76,5,227,69,258,74,34,453,2,8,20,5,29,8,57,227,6,129,33,8,38,8,2,9,63,26,121,92,91,347,148,0,84,13,27,108,70,4,6,0,42,89,2,21,95,11,47,317,19,108,266,56,13,3,15,3,0,18
2023-06,9,24,16,30,36,12,19,37,53,37,24,57,4,8,65,2,67,77,141,330,14,0,13,10,50,49,9,102,12,13,42,9,10,30,63,149,17,8,22,244,42,123,16,18,6,0,8,6,106,12,15,451,11,2,1,64,307,3037,0,8,10,16,6,308,18,78,32,9,23,699,10,12,7,126,34,42,16,15,6,79,65,172,60,76,8,7,8,23,48,248,24,198,10,43,23,106,215,54,7,9,27,16,10,55,155,53,43,17,300,12,152,45,31,70,60,17,12,37,84,13,16,98,2,33,528,105,33,7,31,67,92,644,44,55,1018,156,4,37,14,37,47,76,53,20,32,19,0,404,17,29,371,25,2,5,5,174,97,2,10,19,96,19,47,38,120,17,30,10,71,3,11,0,23,41,50,14,8,58,18,33,4,195,407,41,33,61,106,0,25,307,92,34,54,273,14,49,24,31,5072,11,30,79,342,29,9,210,22,0,20,13,4,16,10,15,37,49,89,9,116,9,5,13,10,12,10,19,79,2,11,23,82,190,44,14,95,5,235,69,258,74,34,458,4,8,20,5,29,8,57,238,6,129,43,8,38,8,2,9,63,30,121,92,91,353,160,0,90,13,27,108,70,4,6,0,42,89,2,21,95,11,47,358,19,114,290,56,13,3,15,3,0,18
2023-07,9,24,16,30,36,12,23,37,53,37,24,57,4,8,65,2,71,77,141,330,20,0,13,10,50,49,9,102,12,13,42,9,10,36,63,149,17,8,22,244,42,123,16,18,6,0,8,6,106,12,15,461,11,2,1,64,317,3551,0,8,10,16,6,308,18,78,32,9,23,699,10,12,7,128,34,42,16,15,6,79,65,172,60,76,8,7,8,23,48,248,24,198,10,43,23,106,215,54,7,9,27,16,10,55,155,53,43,17,300,12,152,45,31,70,60,17,12,37,84,13,16,98,2,33,528,105,33,7,31,67,92,644,44,55,1018,158,4,37,14,37,47,76,53,20,32,19,0,404,17,29,371,25,2,5,5,174,97,2,10,19,96,19,47,38,120,17,30,10,71,3,11,0,23,41,50,14,8,58,18,33,4,195,407,41,33,61,106,0,25,307,92,34,54,273,14,49,24,31,5078,11,30,79,342,29,9,210,22,0,20,13,4,16,10,15,37,49,89,14,116,9,5,13,10,12,10,19,79,2,11,23,82,190,44,14,95,5,235,69,258,74,34,458,4,8,20,5,29,8,57,238,6,129,43,8,38,8,2,9,63,30,121,92,91,353,169,0,92,13,27,108,70,4,6,0,42,89,2,21,95,11,47,358,19,114,290,56,13,3,15,3,0,18
2023-08,9,20,16,30,36,8,23,37,53,39,20,57,4,8,69,2,71,77,141,322,20,0,21,10,50,49,9,116,12,13,42,12,10,36,63,149,17,8,22,244,42,123,16,18,6,0,8,8,106,12,15,469,11,2,0,64,317,3534,0,8,10,16,6,308,18,78,32,13,23,707,10,12,7,139,34,44,16,15,6,97,65,170,60,76,8,7,8,21,56,248,24,202,10,47,23,108,215,54,7,9,27,16,10,55,159,53,43,17,306,12,114,45,31,70,72,17,12,73,84,13,16,86,2,33,546,115,33,7,31,67,94,654,44,59,1027,179,4,33,10,37,47,76,61,26,32,20,0,396,17,29,383,25,2,5,5,175,97,2,10,19,96,19,47,38,122,17,30,10,71,3,11,0,22,41,50,14,16,92,28,33,4,195,407,41,33,37,112,0,25,217,92,34,104,273,14,39,24,31,6068,11,30,79,342,29,20,210,22,0,20,13,0,15,14,14,37,49,89,20,112,9,5,13,10,35,14,19,79,2,11,23,82,178,44,14,95,5,230,69,258,74,34,466,4,8,24,5,29,8,53,249,6,134,43,8,38,8,2,9,61,30,121,92,101,353,193,0,92,52,27,114,70,4,6,0,42,99,2,21,95,11,47,364,19,114,294,56,13,3,15,3,0,18
2023-09,9,20,16,30,36,8,23,37,55,39,20,57,4,8,69,2,71,77,141,322,20,0,21,10,50,49,9,116,12,13,42,12,10,36,63,149,19,8,22,250,42,123,16,18,6,0,8,8,112,12,15,491,22,2,0,64,316,3577,0,8,10,16,6,308,18,78,57,13,22,707,10,12,7,147,38,44,16,17,6,97,65,272,60,76,8,7,8,21,56,257,24,196,10,47,23,108,228,54,7,9,27,16,13,55,165,53,43,17,306,12,158,45,31,72,72,17,10,73,84,13,14,86,2,33,546,115,33,7,31,67,94,654,43,64,1029,179,4,51,10,37,47,82,61,26,30,20,0,394,17,29,383,25,2,5,5,179,56,2,10,19,96,19,59,38,133,17,30,10,71,3,11,0,22,41,52,14,16,92,28,33,4,195,407,41,33,37,112,0,25,317,92,34,104,272,14,69,24,31,6278,11,30,79,341,29,20,210,22,0,20,13,0,15,14,14,37,49,89,20,112,17,5,13,12,39,14,19,75,2,11,23,82,175,44,14,95,5,232,89,258,80,46,466,4,8,24,5,29,8,53,251,6,134,43,14,38,8,2,9,61,30,121,102,101,369,200,0,92,52,27,134,70,4,6,0,42,99,2,21,95,13,47,364,19,114,294,62,13,3,15,3,0,18
